Block,Cardinal directions,latitude,longitude,,Correct,"If Not Correct, notes on why"
1,SE,45.98472999,-112.540655,,X,
1,SW,45.98472999,-112.540791,,X,
1,NE,45.98485001,-112.540655,,X,
1,NW,45.98485001,-112.540791,,X,
2,SE,45.98459399,-112.540655,,X,
2,SW,45.98459399,-112.540791,,X,
2,NE,45.98471401,-112.540655,,X,
2,NW,45.98471401,-112.540791,,X,
3,SE,45.98445399,-112.540655,,X,
3,SW,45.98445399,-112.540791,,X,
3,NE,45.98457401,-112.540655,,X,
3,NW,45.98457401,-112.540791,,X,
4,SE,45.98431899,-112.540655,,X,
4,SW,45.98431899,-112.540791,,X,
4,NE,45.98443901,-112.540655,,X,
4,NW,45.98443901,-112.540791,,X,
5,SE,45.98415199,-112.540655,,X,
5,SW,45.98415199,-112.540791,,X,
5,NE,45.98427201,-112.540655,,X,
5,NW,45.98427201,-112.540791,,X,
6,SE,45.98401899,-112.540655,,X,
6,SW,45.98401899,-112.540791,,X,
6,NE,45.98413901,-112.540655,,X,
6,NW,45.98413901,-112.540791,,X,
7,SE,45.98387699,-112.540655,,X,
7,SW,45.98387699,-112.540791,,X,
7,NE,45.98399701,-112.540655,,X,
7,NW,45.98399701,-112.540791,,X,
8,SE,45.98373999,-112.540655,,X,
8,SW,45.98373999,-112.540791,,X,
8,NE,45.98386001,-112.540655,,X,
8,NW,45.98386001,-112.540791,,X,
9,SE,45.98373999,-112.540506,,X,
9,SW,45.98373999,-112.540642,,X,
9,NE,45.98386001,-112.540506,,X,
9,NW,45.98386001,-112.540642,,X,
10,SE,45.98387699,-112.540506,,X,
10,SW,45.98387699,-112.540642,,X,
10,NE,45.98399701,-112.540506,,X,
10,NW,45.98399701,-112.540642,,X,
11,SE,45.98401899,-112.540506,,X,
11,SW,45.98401899,-112.540642,,X,
11,NE,45.98413901,-112.540506,,X,
11,NW,45.98413901,-112.540642,,X,
12,SE,45.98415199,-112.540506,,X,
12,SW,45.98415199,-112.540642,,X,
12,NE,45.98427201,-112.540506,,X,
12,NW,45.98427201,-112.540642,,X,
13,SE,45.98431899,-112.540506,,X,
13,SW,45.98431899,-112.540642,,X,
13,NE,45.98443901,-112.540506,,X,
13,NW,45.98443901,-112.540642,,X,
14,SE,45.98445399,-112.540506,,X,
14,SW,45.98445399,-112.540642,,X,
14,NE,45.98457401,-112.540506,,X,
14,NW,45.98457401,-112.540642,,X,
15,SE,45.98459399,-112.540506,,X,
15,SW,45.98459399,-112.540642,,X,
15,NE,45.98471401,-112.540506,,X,
15,NW,45.98471401,-112.540642,,X,
16,SE,45.98472999,-112.540506,,X,
16,SW,45.98472999,-112.540642,,X,
16,NE,45.98485001,-112.540506,,X,
16,NW,45.98485001,-112.540642,,X,
17,SE,45.98472999,-112.540355,,X,
17,SW,45.98472999,-112.540491,,X,
17,NE,45.98485001,-112.540355,,X,
17,NW,45.98485001,-112.540491,,X,
18,SE,45.98459399,-112.540355,,X,
18,SW,45.98459399,-112.540491,,X,
18,NE,45.98471401,-112.540355,,X,
18,NW,45.98471401,-112.540491,,X,
19,SE,45.98445399,-112.540355,,X,
19,SW,45.98445399,-112.540491,,X,
19,NE,45.98457401,-112.540355,,X,
19,NW,45.98457401,-112.540491,,X,
20,SE,45.98431899,-112.540355,,X,
20,SW,45.98431899,-112.540491,,X,
20,NE,45.98443901,-112.540355,,X,
20,NW,45.98443901,-112.540491,,X,
21,SE,45.98415199,-112.540355,,X,
21,SW,45.98415199,-112.540491,,X,
21,NE,45.98427201,-112.540355,,X,
21,NW,45.98427201,-112.540491,,X,
22,SE,45.98401899,-112.540355,,X,
22,SW,45.98401899,-112.540491,,X,
22,NE,45.98413901,-112.540355,,X,
22,NW,45.98413901,-112.540491,,X,
23,SE,45.98387699,-112.540355,,X,
23,SW,45.98387699,-112.540491,,X,
23,NE,45.98399701,-112.540355,,X,
23,NW,45.98399701,-112.540491,,X,
24,SE,45.98373999,-112.540355,,X,
24,SW,45.98373999,-112.540491,,X,
24,NE,45.98386001,-112.540355,,X,
24,NW,45.98386001,-112.540491,,X,
25,SE,45.98373999,-112.540189,,X,
25,SW,45.98373999,-112.540325,,X,
25,NE,45.98386001,-112.540189,,X,
25,NW,45.98386001,-112.540325,,X,
26,SE,45.98387699,-112.540189,,X,
26,SW,45.98387699,-112.540325,,X,
26,NE,45.98399701,-112.540189,,X,
26,NW,45.98399701,-112.540325,,X,
27,SE,45.98401899,-112.540189,,X,
27,SW,45.98401899,-112.540325,,X,
27,NE,45.98413901,-112.540189,,X,
27,NW,45.98413901,-112.540325,,X,
28,SE,45.98445399,-112.540189,,X,
28,SW,45.98445399,-112.540325,,X,
28,NE,45.98457401,-112.540189,,X,
28,NW,45.98457401,-112.540325,,X,
29,SE,45.98459399,-112.540189,,X,
29,SW,45.98459399,-112.540325,,X,
29,NE,45.98471401,-112.540189,,X,
29,NW,45.98471401,-112.540325,,X,
30,SE,45.98472999,-112.540189,,X,
30,SW,45.98472999,-112.540325,,X,
30,NE,45.98485001,-112.540189,,X,
30,NW,45.98485001,-112.540325,,X,
31,SE,45.98472999,-112.540034,,X,
31,SW,45.98472999,-112.54017,,X,
31,NE,45.98485001,-112.540034,,X,
31,NW,45.98485001,-112.54017,,X,
32,SE,45.98459399,-112.540034,,X,
32,SW,45.98459399,-112.54017,,X,
32,NE,45.98471401,-112.540034,,X,
32,NW,45.98471401,-112.54017,,X,
33,SE,45.98445399,-112.540034,,X,
33,SW,45.98445399,-112.54017,,X,
33,NE,45.98457401,-112.540034,,X,
33,NW,45.98457401,-112.54017,,X,
34,SE,45.98401899,-112.540034,,X,
34,SW,45.98401899,-112.54017,,X,
34,NE,45.98413901,-112.540034,,X,
34,NW,45.98413901,-112.54017,,X,
35,SE,45.98387699,-112.540034,,X,
35,SW,45.98387699,-112.54017,,X,
35,NE,45.98399701,-112.540034,,X,
35,NW,45.98399701,-112.54017,,X,
36,SE,45.98373999,-112.540034,,X,
36,SW,45.98373999,-112.54017,,X,
36,NE,45.98386001,-112.540034,,X,
36,NW,45.98386001,-112.54017,,X,
37,SE,45.98373999,-112.53984,,X,
37,SW,45.98373999,-112.539976,,X,
37,NE,45.98386001,-112.53984,,X,
37,NW,45.98386001,-112.539976,,X,
38,SE,45.98387699,-112.53984,,X,
38,SW,45.98387699,-112.539976,,X,
38,NE,45.98399701,-112.53984,,X,
38,NW,45.98399701,-112.539976,,X,
39,SE,45.98401899,-112.53984,,X,
39,SW,45.98401899,-112.539976,,X,
39,NE,45.98413901,-112.53984,,X,
39,NW,45.98413901,-112.539976,,X,
40,SE,45.98445399,-112.53984,,X,
40,SW,45.98445399,-112.539976,,X,
40,NE,45.98457401,-112.53984,,X,
40,NW,45.98457401,-112.539976,,X,
41,SE,45.98459399,-112.53984,,X,
41,SW,45.98459399,-112.539976,,X,
41,NE,45.98471401,-112.53984,,X,
41,NW,45.98471401,-112.539976,,X,
42,SE,45.98472999,-112.53984,,X,
42,SW,45.98472999,-112.539976,,X,
42,NE,45.98485001,-112.53984,,X,
42,NW,45.98485001,-112.539976,,X,
43,SE,45.98472999,-112.539682,,X,
43,SW,45.98472999,-112.539818,,X,
43,NE,45.98485001,-112.539682,,X,
43,NW,45.98485001,-112.539818,,X,
44,SE,45.98459399,-112.539682,,X,
44,SW,45.98459399,-112.539818,,X,
44,NE,45.98471401,-112.539682,,X,
44,NW,45.98471401,-112.539818,,X,
45,SE,45.98445399,-112.539682,,X,
45,SW,45.98445399,-112.539818,,X,
45,NE,45.98457401,-112.539682,,X,
45,NW,45.98457401,-112.539818,,X,
46,SE,45.98401899,-112.539682,,X,
46,SW,45.98401899,-112.539818,,X,
46,NE,45.98413901,-112.539682,,X,
46,NW,45.98413901,-112.539818,,X,
47,SE,45.98387699,-112.539682,,X,
47,SW,45.98387699,-112.539818,,X,
47,NE,45.98399701,-112.539682,,X,
47,NW,45.98399701,-112.539818,,X,
48,SE,45.98373999,-112.539682,,X,
48,SW,45.98373999,-112.539818,,X,
48,NE,45.98386001,-112.539682,,X,
48,NW,45.98386001,-112.539818,,X,
49,SE,45.98373999,-112.539524,,X,
49,SW,45.98373999,-112.53966,,X,
49,NE,45.98386001,-112.539524,,X,
49,NW,45.98386001,-112.53966,,X,
50,SE,45.98387699,-112.539524,,X,
50,SW,45.98387699,-112.53966,,X,
50,NE,45.98399701,-112.539524,,X,
50,NW,45.98399701,-112.53966,,X,
51,SE,45.98401899,-112.539524,,X,
51,SW,45.98401899,-112.53966,,X,
51,NE,45.98413901,-112.539524,,X,
51,NW,45.98413901,-112.53966,,X,
52,SE,45.98415199,-112.539524,,X,
52,SW,45.98415199,-112.53966,,X,
52,NE,45.98427201,-112.539524,,X,
52,NW,45.98427201,-112.53966,,X,
53,SE,45.98431899,-112.539524,,X,
53,SW,45.98431899,-112.53966,,X,
53,NE,45.98443901,-112.539524,,X,
53,NW,45.98443901,-112.53966,,X,
54,SE,45.98445399,-112.539524,,X,
54,SW,45.98445399,-112.53966,,X,
54,NE,45.98457401,-112.539524,,X,
54,NW,45.98457401,-112.53966,,X,
55,SE,45.98459399,-112.539524,,X,
55,SW,45.98459399,-112.53966,,X,
55,NE,45.98471401,-112.539524,,X,
55,NW,45.98471401,-112.53966,,X,
56,SE,45.98472999,-112.539524,,X,
56,SW,45.98472999,-112.53966,,X,
56,NE,45.98485001,-112.539524,,X,
56,NW,45.98485001,-112.53966,,X,
57,SE,45.98472999,-112.539368,,X,
57,SW,45.98472999,-112.539504,,X,
57,NE,45.98485001,-112.539368,,X,
57,NW,45.98485001,-112.539504,,X,
58,SE,45.98459399,-112.539368,,X,
58,SW,45.98459399,-112.539504,,X,
58,NE,45.98471401,-112.539368,,X,
58,NW,45.98471401,-112.539504,,X,
59,SE,45.98445399,-112.539368,,X,
59,SW,45.98445399,-112.539504,,X,
59,NE,45.98457401,-112.539368,,X,
59,NW,45.98457401,-112.539504,,X,
60,SE,45.98431899,-112.539368,,X,
60,SW,45.98431899,-112.539504,,X,
60,NE,45.98443901,-112.539368,,X,
60,NW,45.98443901,-112.539504,,X,
61,SE,45.98415199,-112.539368,,X,
61,SW,45.98415199,-112.539504,,X,
61,NE,45.98427201,-112.539368,,X,
61,NW,45.98427201,-112.539504,,X,
62,SE,45.98401899,-112.539368,,X,
62,SW,45.98401899,-112.539504,,X,
62,NE,45.98413901,-112.539368,,X,
62,NW,45.98413901,-112.539504,,X,
63,SE,45.98387699,-112.539368,,X,
63,SW,45.98387699,-112.539504,,X,
63,NE,45.98399701,-112.539368,,X,
63,NW,45.98399701,-112.539504,,X,
64,SE,45.98373999,-112.539368,,X,
64,SW,45.98373999,-112.539504,,X,
64,NE,45.98386001,-112.539368,,X,
64,NW,45.98386001,-112.539504,,X,
65,SE,45.98373999,-112.539208,,X,
65,SW,45.98373999,-112.539344,,X,
65,NE,45.98386001,-112.539208,,X,
65,NW,45.98386001,-112.539344,,X,
66,SE,45.98387699,-112.539208,,X,
66,SW,45.98387699,-112.539344,,X,
66,NE,45.98399701,-112.539208,,X,
66,NW,45.98399701,-112.539344,,X,
67,SE,45.98401899,-112.539208,,X,
67,SW,45.98401899,-112.539344,,X,
67,NE,45.98413901,-112.539208,,X,
67,NW,45.98413901,-112.539344,,X,
68,SE,45.98415199,-112.539208,,X,
68,SW,45.98415199,-112.539344,,X,
68,NE,45.98427201,-112.539208,,X,
68,NW,45.98427201,-112.539344,,X,
69,SE,45.984317,-112.539224,,,
69,SW,45.98431899,-112.539344,,X,
69,NE,45.98443901,-112.539208,,X,
69,NW,45.98443901,-112.539344,,X,
70,SE,45.98445399,-112.539208,,X,
70,SW,45.98445399,-112.539344,,X,
70,NE,45.98457401,-112.539208,,X,
70,NW,45.98457401,-112.539344,,X,
71,SE,45.98459399,-112.539208,,X,
71,SW,45.98459399,-112.539344,,X,
71,NE,45.98471401,-112.539208,,X,
71,NW,45.98471401,-112.539344,,X,
72,SE,45.98472999,-112.539208,,X,
72,SW,45.98472999,-112.539344,,X,
72,NE,45.98485001,-112.539208,,X,
72,NW,45.98485001,-112.539344,,X,
73,SE,45.98360399,-112.540655,,X,
73,SW,45.98360399,-112.540791,,X,
73,NE,45.98372401,-112.540655,,X,
73,NW,45.98372401,-112.540791,,X,
74,SE,45.98360399,-112.540506,,X,
74,SW,45.98360399,-112.540642,,X,
74,NE,45.98372401,-112.540506,,X,
74,NW,45.98372401,-112.540642,,X,
75,SE,45.98360399,-112.540355,,X,
75,SW,45.98360399,-112.540491,,X,
75,NE,45.98372401,-112.540355,,X,
75,NW,45.98372401,-112.540491,,X,
76,SE,45.98360399,-112.540189,,X,
76,SW,45.98360399,-112.540325,,X,
76,NE,45.98372401,-112.540189,,X,
76,NW,45.98372401,-112.540325,,X,
77,SE,45.98360399,-112.540034,,X,
77,SW,45.98360399,-112.54017,,X,
77,NE,45.98372401,-112.540034,,X,
77,NW,45.98372401,-112.54017,,X,
78,SE,45.98360399,-112.53984,,X,
78,SW,45.98360399,-112.539976,,X,
78,NE,45.98372401,-112.53984,,X,
78,NW,45.98372401,-112.539976,,X,
79,SE,45.98360399,-112.539682,,X,
79,SW,45.98360399,-112.539818,,X,
79,NE,45.98372401,-112.539682,,X,
79,NW,45.98372401,-112.539818,,X,
80,SE,45.98360399,-112.539524,,X,
80,SW,45.98360399,-112.53966,,X,
80,NE,45.98372401,-112.539524,,X,
80,NW,45.98372401,-112.53966,,X,
81,SE,45.98360399,-112.539368,,X,
81,SW,45.98360399,-112.539504,,X,
81,NE,45.98372401,-112.539368,,X,
81,NW,45.98372401,-112.539504,,X,
82,SE,45.98360399,-112.539208,,X,
82,SW,45.98360399,-112.539344,,X,
82,NE,45.98372401,-112.539208,,X,
82,NW,45.98372401,-112.539344,,X,
83,SE,45.98346599,-112.540655,,X,
83,SW,45.98346599,-112.540791,,X,
83,NE,45.98358601,-112.540655,,X,
83,NW,45.98358601,-112.540791,,X,
84,SE,45.98346599,-112.540506,,X,
84,SW,45.98346599,-112.540642,,X,
84,NE,45.98358601,-112.540506,,X,
84,NW,45.98358601,-112.540642,,X,
85,SE,45.98346599,-112.540355,,X,
85,SW,45.98346599,-112.540491,,X,
85,NE,45.98358601,-112.540355,,X,
85,NW,45.98358601,-112.540491,,X,
86,SE,45.98346599,-112.540189,,X,
86,SW,45.98346599,-112.540325,,X,
86,NE,45.98358601,-112.540189,,X,
86,NW,45.98358601,-112.540325,,X,
87,SE,45.98346599,-112.540034,,X,
87,SW,45.98346599,-112.54017,,X,
87,NE,45.98358601,-112.540034,,X,
87,NW,45.98358601,-112.54017,,X,
88,SE,45.98346599,-112.53984,,X,
88,SW,45.98346599,-112.539976,,X,
88,NE,45.98358601,-112.53984,,X,
88,NW,45.98358601,-112.539976,,X,
89,SE,45.98346599,-112.539682,,X,
89,SW,45.98346599,-112.539818,,X,
89,NE,45.98358601,-112.539682,,X,
89,NW,45.98358601,-112.539818,,X,
90,SE,45.98346599,-112.539524,,X,
90,SW,45.98346599,-112.53966,,X,
90,NE,45.98358601,-112.539524,,X,
90,NW,45.98358601,-112.53966,,X,
91,SE,45.98346599,-112.539368,,X,
91,SW,45.98346599,-112.539504,,X,
91,NE,45.98358601,-112.539368,,X,
91,NW,45.98358601,-112.539504,,X,
92,SE,45.98346599,-112.539208,,X,
92,SW,45.98346599,-112.539344,,X,
92,NE,45.98358601,-112.539208,,X,
92,NW,45.98358601,-112.539344,,X,
93,SE,0,0,,,Review this
93,SW,0,0,,,Review this
93,NE,0,0,,,Review this
93,NW,0,0,,,Review this
94,SE,0,0,,,Review this
94,SW,0,0,,,Review this
94,NE,0,0,,,Review this
94,NW,0,0,,,Review this
95,SE,0,0,,,Review this
95,SW,0,0,,,Review this
95,NE,0,0,,,Review this
95,NW,0,0,,,Review this
96,SE,0,0,,,Review this
96,SW,0,0,,,Review this
96,NE,0,0,,,Review this
96,NW,0,0,,,Review this
97,SE,0,0,,,Review this
97,SW,0,0,,,Review this
97,NE,0,0,,,Review this
97,NW,0,0,,,Review this
98,SE,0,0,,,Review this
98,SW,0,0,,,Review this
98,NE,0,0,,,Review this
98,NW,0,0,,,Review this
99,SE,0,0,,,Review this
99,SW,0,0,,,Review this
99,NE,0,0,,,Review this
99,NW,0,0,,,Review this
100,SE,0,0,,,Review this
100,SW,0,0,,,Review this
100,NE,0,0,,,Review this
100,NW,0,0,,,Review this
101,SE,45.98486399,-112.540655,,X,
101,SW,45.98486399,-112.540791,,X,
101,NE,45.98498401,-112.540655,,X,
101,NW,45.98498401,-112.540791,,X,
102,SE,45.98486399,-112.540506,,X,
102,SW,45.98486399,-112.540642,,X,
102,NE,45.98498401,-112.540506,,X,
102,NW,45.98498401,-112.540642,,X,
103,SE,45.98486399,-112.540355,,X,
103,SW,45.98486399,-112.540491,,X,
103,NE,45.98498401,-112.540355,,X,
103,NW,45.98498401,-112.540491,,X,
104,SE,45.98486399,-112.540189,,X,
104,SW,45.98486399,-112.540325,,X,
104,NE,45.98498401,-112.540189,,X,
104,NW,45.98498401,-112.540325,,X,
105,SE,45.98486399,-112.540034,,X,
105,SW,45.98486399,-112.54017,,X,
105,NE,45.98498401,-112.540034,,X,
105,NW,45.98498401,-112.54017,,X,
106,SE,45.98486399,-112.53984,,X,
106,SW,45.98486399,-112.539976,,X,
106,NE,45.98498401,-112.53984,,X,
106,NW,45.98498401,-112.539976,,X,
107,SE,45.98486399,-112.539682,,X,
107,SW,45.98486399,-112.539818,,X,
107,NE,45.98498401,-112.539682,,X,
107,NW,45.98498401,-112.539818,,X,
108,SE,45.98486399,-112.539524,,X,
108,SW,45.98486399,-112.53966,,X,
108,NE,45.98498401,-112.539524,,X,
108,NW,45.98498401,-112.53966,,X,
109,SE,45.98486399,-112.539368,,X,
109,SW,45.98486399,-112.539504,,X,
109,NE,45.98498401,-112.539368,,X,
109,NW,45.98498401,-112.539504,,X,
110,SE,45.98486399,-112.539208,,X,
110,SW,45.98486399,-112.539344,,X,
110,NE,45.98498401,-112.539208,,X,
110,NW,45.98498401,-112.539344,,X,
111,SE,45.98501099,-112.540655,,X,
111,SW,45.98501099,-112.540791,,X,
111,NE,45.98513101,-112.540655,,X,
111,NW,45.98513101,-112.540791,,X,
112,SE,45.98501099,-112.540506,,X,
112,SW,45.98501099,-112.540642,,X,
112,NE,45.98513101,-112.540506,,X,
112,NW,45.98513101,-112.540642,,X,
113,SE,45.98501099,-112.540355,,X,
113,SW,45.98501099,-112.540491,,X,
113,NE,45.98513101,-112.540355,,X,
113,NW,45.98513101,-112.540491,,X,
114,SE,45.98501099,-112.540189,,X,
114,SW,45.98501099,-112.540325,,X,
114,NE,45.98513101,-112.540189,,X,
114,NW,45.98513101,-112.540325,,X,
115,SE,45.98501099,-112.540034,,X,
115,SW,45.98501099,-112.54017,,X,
115,NE,45.98513101,-112.540034,,X,
115,NW,45.98513101,-112.54017,,X,
116,SE,45.98501099,-112.53984,,X,
116,SW,45.98501099,-112.539976,,X,
116,NE,45.98513101,-112.53984,,X,
116,NW,45.98513101,-112.539976,,X,
117,SE,45.98501099,-112.539682,,X,
117,SW,45.98501099,-112.539818,,X,
117,NE,45.98513101,-112.539682,,X,
117,NW,45.98513101,-112.539818,,X,
118,SE,45.98501099,-112.539524,,X,
118,SW,45.98501099,-112.53966,,X,
118,NE,45.98513101,-112.539524,,X,
118,NW,45.98513101,-112.53966,,X,
119,SE,45.98501099,-112.539368,,X,
119,SW,45.98501099,-112.539504,,X,
119,NE,45.98513101,-112.539368,,X,
119,NW,45.98513101,-112.539504,,X,
120,SE,45.98501099,-112.539208,,X,
120,SW,45.98501099,-112.539344,,X,
120,NE,45.98513101,-112.539208,,X,
120,NW,45.98513101,-112.539344,,X,
121,SE,45.98514799,-112.540655,,X,
121,SW,45.98514799,-112.540791,,X,
121,NE,45.98526801,-112.540655,,X,
121,NW,45.98526801,-112.540791,,X,
122,SE,45.98514799,-112.540506,,X,
122,SW,45.98514799,-112.540642,,X,
122,NE,45.98526801,-112.540506,,X,
122,NW,45.98526801,-112.540642,,X,
123,SE,45.98514799,-112.540355,,X,
123,SW,45.98514799,-112.540491,,X,
123,NE,45.98526801,-112.540355,,X,
123,NW,45.98526801,-112.540491,,X,
124,SE,45.98514799,-112.540189,,X,
124,SW,45.98514799,-112.540325,,X,
124,NE,45.98526801,-112.540189,,X,
124,NW,45.98526801,-112.540325,,X,
125,SE,45.98514799,-112.540034,,X,
125,SW,45.98514799,-112.54017,,X,
125,NE,45.98526801,-112.540034,,X,
125,NW,45.98526801,-112.54017,,X,
126,SE,45.98514799,-112.53984,,X,
126,SW,45.98514799,-112.539976,,X,
126,NE,45.98526801,-112.53984,,X,
126,NW,45.98526801,-112.539976,,X,
127,SE,45.98514799,-112.539682,,X,
127,SW,45.98514799,-112.539818,,X,
127,NE,45.98526801,-112.539682,,X,
127,NW,45.98526801,-112.539818,,X,
128,SE,45.98514799,-112.539524,,X,
128,SW,45.98514799,-112.53966,,X,
128,NE,45.98526801,-112.539524,,X,
128,NW,45.98526801,-112.53966,,X,
129,SE,45.98514799,-112.539368,,X,
129,SW,45.98514799,-112.539504,,X,
129,NE,45.98526801,-112.539368,,X,
129,NW,45.98526801,-112.539504,,X,
130,SE,45.98514799,-112.539208,,X,
130,SW,45.98514799,-112.539344,,X,
130,NE,45.98526801,-112.539208,,X,
130,NW,45.98526801,-112.539344,,X,
131,SE,45.98527999,-112.540655,,X,
131,SW,45.98527999,-112.540791,,X,
131,NE,45.98540001,-112.540655,,X,
131,NW,45.98540001,-112.540791,,X,
132,SE,45.98527999,-112.540506,,X,
132,SW,45.98527999,-112.540642,,X,
132,NE,45.98540001,-112.540506,,X,
132,NW,45.98540001,-112.540642,,X,
133,SE,45.98527999,-112.540355,,X,
133,SW,45.98527999,-112.540491,,X,
133,NE,45.98540001,-112.540355,,X,
133,NW,45.98540001,-112.540491,,X,
134,SE,45.98527999,-112.540189,,X,
134,SW,45.98527999,-112.540325,,X,
134,NE,45.98540001,-112.540189,,X,
134,NW,45.98540001,-112.540325,,X,
135,SE,45.98527999,-112.540034,,X,
135,SW,45.98527999,-112.54017,,X,
135,NE,45.98540001,-112.540034,,X,
135,NW,45.98540001,-112.54017,,X,
136,SE,45.98527999,-112.53984,,X,
136,SW,45.98527999,-112.539976,,X,
136,NE,45.98540001,-112.53984,,X,
136,NW,45.98540001,-112.539976,,X,
137,SE,45.98527999,-112.539682,,X,
137,SW,45.98527999,-112.539818,,X,
137,NE,45.98540001,-112.539682,,X,
137,NW,45.98540001,-112.539818,,X,
138,SE,45.98527999,-112.539524,,X,
138,SW,45.98527999,-112.53966,,X,
138,NE,45.98540001,-112.539524,,X,
138,NW,45.98540001,-112.53966,,X,
139,SE,45.98527999,-112.539368,,X,
139,SW,45.98527999,-112.539504,,X,
139,NE,45.98540001,-112.539368,,X,
139,NW,45.98540001,-112.539504,,X,
140,SE,45.98527999,-112.539208,,X,
140,SW,45.98527999,-112.539344,,X,
140,NE,45.98540001,-112.539208,,X,
140,NW,45.98540001,-112.539344,,X,
141,SE,45.98542199,-112.540655,,X,
141,SW,45.98542199,-112.540791,,X,
141,NE,45.98554201,-112.540655,,X,
141,NW,45.98554201,-112.540791,,X,
142,SE,45.98542199,-112.540506,,X,
142,SW,45.98542199,-112.540642,,X,
142,NE,45.98554201,-112.540506,,X,
142,NW,45.98554201,-112.540642,,X,
143,SE,45.98542199,-112.540355,,X,
143,SW,45.98542199,-112.540491,,X,
143,NE,45.98554201,-112.540355,,X,
143,NW,45.98554201,-112.540491,,X,
144,SE,45.98542199,-112.540189,,X,
144,SW,45.98542199,-112.540325,,X,
144,NE,45.98554201,-112.540189,,X,
144,NW,45.98554201,-112.540325,,X,
145,SE,45.98542199,-112.540034,,X,
145,SW,45.98542199,-112.54017,,X,
145,NE,45.98554201,-112.540034,,X,
145,NW,45.98554201,-112.54017,,X,
146,SE,45.98542199,-112.53984,,X,
146,SW,45.98542199,-112.539976,,X,
146,NE,45.98554201,-112.53984,,X,
146,NW,45.98554201,-112.539976,,X,
147,SE,45.98542199,-112.539682,,X,
147,SW,45.98542199,-112.539818,,X,
147,NE,45.98554201,-112.539682,,X,
147,NW,45.98554201,-112.539818,,X,
148,SE,45.98542199,-112.539524,,X,
148,SW,45.98542199,-112.53966,,X,
148,NE,45.98554201,-112.539524,,X,
148,NW,45.98554201,-112.53966,,X,
149,SE,45.98542199,-112.539368,,X,
149,SW,45.98542199,-112.539504,,X,
149,NE,45.98554201,-112.539368,,X,
149,NW,45.98554201,-112.539504,,X,
150,SE,45.98542199,-112.539208,,X,
150,SW,45.98542199,-112.539344,,X,
150,NE,45.98554201,-112.539208,,X,
150,NW,45.98554201,-112.539344,,X,
151,SE,45.98555099,-112.540655,,X,
151,SW,45.98555099,-112.540791,,X,
151,NE,45.98567101,-112.540655,,X,
151,NW,45.98567101,-112.540791,,X,
152,SE,45.98555099,-112.540506,,X,
152,SW,45.98555099,-112.540642,,X,
152,NE,45.98567101,-112.540506,,X,
152,NW,45.98567101,-112.540642,,X,
153,SE,45.98555099,-112.540355,,X,
153,SW,45.98555099,-112.540491,,X,
153,NE,45.98567101,-112.540355,,X,
153,NW,45.98567101,-112.540491,,X,
154,SE,45.98555099,-112.540189,,X,
154,SW,45.98555099,-112.540325,,X,
154,NE,45.98567101,-112.540189,,X,
154,NW,45.98567101,-112.540325,,X,
155,SE,45.98555099,-112.540034,,X,
155,SW,45.98555099,-112.54017,,X,
155,NE,45.98567101,-112.540034,,X,
155,NW,45.98567101,-112.54017,,X,
156,SE,45.98555099,-112.53984,,X,
156,SW,45.98555099,-112.539976,,X,
156,NE,45.98567101,-112.53984,,X,
156,NW,45.985665,-112.539972,,,
157,SE,45.98555099,-112.539682,,X,
157,SW,45.98555099,-112.539818,,X,
157,NE,45.98567101,-112.539682,,X,
157,NW,45.98567101,-112.539818,,X,
158,SE,45.98555099,-112.539524,,X,
158,SW,45.98555099,-112.53966,,X,
158,NE,45.98567101,-112.539524,,X,
158,NW,45.98567101,-112.53966,,X,
159,SE,45.98555099,-112.539368,,X,
159,SW,45.98555099,-112.539504,,X,
159,NE,45.98567101,-112.539368,,X,
159,NW,45.98567101,-112.539504,,X,
160,SE,45.98555099,-112.539208,,X,
160,SW,45.98555099,-112.539344,,X,
160,NE,45.98567101,-112.539208,,X,
160,NW,45.98567101,-112.539344,,X,
161,SE,45.98555099,-112.540858,,X,
161,SW,45.98555099,-112.540994,,X,
161,NE,45.98567101,-112.540858,,X,
161,NW,45.98567101,-112.540994,,X,
162,SE,45.98542199,-112.540858,,X,
162,SW,45.98542199,-112.540994,,X,
162,NE,45.98554201,-112.540858,,X,
162,NW,45.98554201,-112.540994,,X,
163,SE,45.98527999,-112.540858,,X,
163,SW,45.98527999,-112.540994,,X,
163,NE,45.98540001,-112.540858,,X,
163,NW,45.98540001,-112.540994,,X,
164,SE,45.98514799,-112.540858,,X,
164,SW,45.98514799,-112.540994,,X,
164,NE,45.98526801,-112.540858,,X,
164,NW,45.98526801,-112.540994,,X,
165,SE,45.98501099,-112.540858,,X,
165,SW,45.98501099,-112.540994,,X,
165,NE,45.98513101,-112.540858,,X,
165,NW,45.98513101,-112.540994,,X,
166,SE,45.98486399,-112.540858,,X,
166,SW,45.98486399,-112.540994,,X,
166,NE,45.98498401,-112.540858,,X,
166,NW,45.98498401,-112.540994,,X,
167,SE,45.98472999,-112.540858,,X,
167,SW,45.98472999,-112.540994,,X,
167,NE,45.98485001,-112.540858,,X,
167,NW,45.98485001,-112.540994,,X,
168,SE,45.98459399,-112.540858,,X,
168,SW,45.98459399,-112.540994,,X,
168,NE,45.98471401,-112.540858,,X,
168,NW,45.98471401,-112.540994,,X,
169,SE,45.98445399,-112.540858,,X,
169,SW,45.98445399,-112.540994,,X,
169,NE,45.98457401,-112.540858,,X,
169,NW,45.98457401,-112.540994,,X,
170,SE,45.98431899,-112.540858,,X,
170,SW,45.98431899,-112.540994,,X,
170,NE,45.98443901,-112.540858,,X,
170,NW,45.98443901,-112.540994,,X,
171,SE,45.98415199,-112.540858,,X,
171,SW,45.98415199,-112.540994,,X,
171,NE,45.98427201,-112.540858,,X,
171,NW,45.98427201,-112.540994,,X,
172,SE,45.98401899,-112.540858,,X,
172,SW,45.98401899,-112.540994,,X,
172,NE,45.98413901,-112.540858,,X,
172,NW,45.98413901,-112.540994,,X,
173,SE,45.98387699,-112.540858,,X,
173,SW,45.98387699,-112.540994,,X,
173,NE,45.98399701,-112.540858,,X,
173,NW,45.98399701,-112.540994,,X,
174,SE,45.98373999,-112.540858,,X,
174,SW,45.98373999,-112.540994,,X,
174,NE,45.98386001,-112.540858,,X,
174,NW,45.98386001,-112.540994,,X,
175,SE,45.98360399,-112.540858,,X,
175,SW,45.98360399,-112.540994,,X,
175,NE,45.98372401,-112.540858,,X,
175,NW,45.98372401,-112.540994,,X,
176,SE,45.98346599,-112.540858,,X,
176,SW,45.98346599,-112.540994,,X,
176,NE,45.98358601,-112.540858,,X,
176,NW,45.98358601,-112.540994,,X,
177,SE,45.98346599,-112.541026,,X,
177,SW,45.98346599,-112.541162,,X,
177,NE,45.98358601,-112.541026,,X,
177,NW,45.98358601,-112.541162,,X,
178,SE,45.98360399,-112.541026,,X,
178,SW,45.98360399,-112.541162,,X,
178,NE,45.98372401,-112.541026,,X,
178,NW,45.98372401,-112.541162,,X,
179,SE,45.98373999,-112.541026,,X,
179,SW,45.98373999,-112.541162,,X,
179,NE,45.98386001,-112.541026,,X,
179,NW,45.98386001,-112.541162,,X,
180,SE,45.98387699,-112.541026,,X,
180,SW,45.98387699,-112.541162,,X,
180,NE,45.98399701,-112.541026,,X,
180,NW,45.98399701,-112.541162,,X,
181,SE,45.98401899,-112.541026,,X,
181,SW,45.98401899,-112.541162,,X,
181,NE,45.98413901,-112.541026,,X,
181,NW,45.98413901,-112.541162,,X,
182,SE,45.98415199,-112.541026,,X,
182,SW,45.98415199,-112.541162,,X,
182,NE,45.98427201,-112.541026,,X,
182,NW,45.98427201,-112.541162,,X,
183,SE,45.98431899,-112.541026,,X,
183,SW,45.98431899,-112.541162,,X,
183,NE,45.98443901,-112.541026,,X,
183,NW,45.98443901,-112.541162,,X,
184,SE,45.98445399,-112.541026,,X,
184,SW,45.98445399,-112.541162,,X,
184,NE,45.98457401,-112.541026,,X,
184,NW,45.98457401,-112.541162,,X,
185,SE,45.98459399,-112.541026,,X,
185,SW,45.98459399,-112.541162,,X,
185,NE,45.98471401,-112.541026,,X,
185,NW,45.98471401,-112.541162,,X,
186,SE,45.98472999,-112.541026,,X,
186,SW,45.98472999,-112.541162,,X,
186,NE,45.98485001,-112.541026,,X,
186,NW,45.98485001,-112.541162,,X,
187,SE,45.98486399,-112.541026,,X,
187,SW,45.98486399,-112.541162,,X,
187,NE,45.98498401,-112.541026,,X,
187,NW,45.98498401,-112.541162,,X,
188,SE,45.98501099,-112.541026,,X,
188,SW,45.98501099,-112.541162,,X,
188,NE,45.98513101,-112.541026,,X,
188,NW,45.98513101,-112.541162,,X,
189,SE,45.98514799,-112.541026,,X,
189,SW,45.98514799,-112.541162,,X,
189,NE,45.98526801,-112.541026,,X,
189,NW,45.98526801,-112.541162,,X,
190,SE,45.98527999,-112.541026,,X,
190,SW,45.98527999,-112.541162,,X,
190,NE,45.98540001,-112.541026,,X,
190,NW,45.98540001,-112.541162,,X,
191,SE,45.98542199,-112.541026,,X,
191,SW,45.98542199,-112.541162,,X,
191,NE,45.98554201,-112.541026,,X,
191,NW,45.98554201,-112.541162,,X,
192,SE,45.98555099,-112.541026,,X,
192,SW,45.98555099,-112.541162,,X,
192,NE,45.98567101,-112.541026,,X,
192,NW,45.98567101,-112.541162,,X,
193,SE,45.98555099,-112.541183,,X,
193,SW,45.98555099,-112.541319,,X,
193,NE,45.98567101,-112.541183,,X,
193,NW,45.98567101,-112.541319,,X,
194,SE,45.98542199,-112.541183,,X,
194,SW,45.98542199,-112.541319,,X,
194,NE,45.98554201,-112.541183,,X,
194,NW,45.98554201,-112.541319,,X,
195,SE,45.98527999,-112.541183,,X,
195,SW,45.98527999,-112.541319,,X,
195,NE,45.98540001,-112.541183,,X,
195,NW,45.98540001,-112.541319,,X,
196,SE,45.98514799,-112.541183,,X,
196,SW,45.98514799,-112.541319,,X,
196,NE,45.98526801,-112.541183,,X,
196,NW,45.98526801,-112.541319,,X,
197,SE,45.98501099,-112.541183,,X,
197,SW,45.98501099,-112.541319,,X,
197,NE,45.98513101,-112.541183,,X,
197,NW,45.98513101,-112.541319,,X,
198,SE,45.98486399,-112.541183,,X,
198,SW,45.98486399,-112.541319,,X,
198,NE,45.98498401,-112.541183,,X,
198,NW,45.98498401,-112.541319,,X,
199,SE,45.98472999,-112.541183,,X,
199,SW,45.98472999,-112.541319,,X,
199,NE,45.98485001,-112.541183,,X,
199,NW,45.98485001,-112.541319,,X,
200,SE,45.98459399,-112.541183,,X,
200,SW,45.98459399,-112.541319,,X,
200,NE,45.98471401,-112.541183,,X,
200,NW,45.98471401,-112.541319,,X,
201,SE,45.98445399,-112.541183,,X,
201,SW,45.98445399,-112.541319,,X,
201,NE,45.98457401,-112.541183,,X,
201,NW,45.98457401,-112.541319,,X,
202,SE,45.98431899,-112.541183,,X,
202,SW,45.98431899,-112.541319,,X,
202,NE,45.98443901,-112.541183,,X,
202,NW,45.98443901,-112.541319,,X,
203,SE,45.98415199,-112.541183,,X,
203,SW,45.98415199,-112.541319,,X,
203,NE,45.98427201,-112.541183,,X,
203,NW,45.98427201,-112.541319,,X,
204,SE,45.98401899,-112.541183,,X,
204,SW,45.98401899,-112.541319,,X,
204,NE,45.98413901,-112.541183,,X,
204,NW,45.98413901,-112.541319,,X,
205,SE,45.98387699,-112.541183,,X,
205,SW,45.98387699,-112.541319,,X,
205,NE,45.98399701,-112.541183,,X,
205,NW,45.98399701,-112.541319,,X,
206,SE,45.98373999,-112.541183,,X,
206,SW,45.98373999,-112.541319,,X,
206,NE,45.98386001,-112.541183,,X,
206,NW,45.98386001,-112.541319,,X,
207,SE,45.98360399,-112.541183,,X,
207,SW,45.98360399,-112.541319,,X,
207,NE,45.98372401,-112.541183,,X,
207,NW,45.98372401,-112.541319,,X,
208,SE,45.98346599,-112.541183,,X,
208,SW,45.98346599,-112.541319,,X,
208,NE,45.98358601,-112.541183,,X,
208,NW,45.98358601,-112.541319,,X,
209,SE,45.98346599,-112.541335,,X,
209,SW,45.98346599,-112.541471,,X,
209,NE,45.98358601,-112.541335,,X,
209,NW,45.98358601,-112.541471,,X,
210,SE,45.98360399,-112.541335,,X,
210,SW,45.98360399,-112.541471,,X,
210,NE,45.98372401,-112.541335,,X,
210,NW,45.98372401,-112.541471,,X,
211,SE,45.98373999,-112.541335,,X,
211,SW,45.98373999,-112.541471,,X,
211,NE,45.98386001,-112.541335,,X,
211,NW,45.98386001,-112.541471,,X,
212,SE,45.98387699,-112.541335,,X,
212,SW,45.98387699,-112.541471,,X,
212,NE,45.98399701,-112.541335,,X,
212,NW,45.98399701,-112.541471,,X,
213,SE,45.98401899,-112.541335,,X,
213,SW,45.98401899,-112.541471,,X,
213,NE,45.98413901,-112.541335,,X,
213,NW,45.98413901,-112.541471,,X,
214,SE,45.98415199,-112.541335,,X,
214,SW,45.98415199,-112.541471,,X,
214,NE,45.98427201,-112.541335,,X,
214,NW,45.98427201,-112.541471,,X,
215,SE,45.98431899,-112.541335,,X,
215,SW,45.98431899,-112.541471,,X,
215,NE,45.98443901,-112.541335,,X,
215,NW,45.98443901,-112.541471,,X,
216,SE,45.98445399,-112.541335,,X,
216,SW,45.98445399,-112.541471,,X,
216,NE,45.98457401,-112.541335,,X,
216,NW,45.98457401,-112.541471,,X,
217,SE,45.98459399,-112.541335,,X,
217,SW,45.98459399,-112.541471,,X,
217,NE,45.98471401,-112.541335,,X,
217,NW,45.98471401,-112.541471,,X,
218,SE,45.98472999,-112.541335,,X,
218,SW,45.98472999,-112.541471,,X,
218,NE,45.98485001,-112.541335,,X,
218,NW,45.98485001,-112.541471,,X,
219,SE,45.98486399,-112.541335,,X,
219,SW,45.98486399,-112.541471,,X,
219,NE,45.98498401,-112.541335,,X,
219,NW,45.98498401,-112.541471,,X,
220,SE,45.98501099,-112.541335,,X,
220,SW,45.98501099,-112.541471,,X,
220,NE,45.98513101,-112.541335,,X,
220,NW,45.98513101,-112.541471,,X,
221,SE,45.98514799,-112.541335,,X,
221,SW,45.98514799,-112.541471,,X,
221,NE,45.98526801,-112.541335,,X,
221,NW,45.98526801,-112.541471,,X,
222,SE,45.98527999,-112.541335,,X,
222,SW,45.98527999,-112.541471,,X,
222,NE,45.98540001,-112.541335,,X,
222,NW,45.98540001,-112.541471,,X,
223,SE,45.98542199,-112.541335,,X,
223,SW,45.98542199,-112.541471,,X,
223,NE,45.98554201,-112.541335,,X,
223,NW,45.98554201,-112.541471,,X,
224,SE,45.98555099,-112.541335,,X,
224,SW,45.98555099,-112.541471,,X,
224,NE,45.98567101,-112.541335,,X,
224,NW,45.98567101,-112.541471,,X,
225,SE,45.98555099,-112.541496,,X,
225,SW,45.98555099,-112.541632,,X,
225,NE,45.98567101,-112.541496,,X,
225,NW,45.98567101,-112.541632,,X,
226,SE,45.98542199,-112.541496,,X,
226,SW,45.98542199,-112.541632,,X,
226,NE,45.98554201,-112.541496,,X,
226,NW,45.98554201,-112.541632,,X,
227,SE,45.98527999,-112.541496,,X,
227,SW,45.98527999,-112.541632,,X,
227,NE,45.98540001,-112.541496,,X,
227,NW,45.98540001,-112.541632,,X,
228,SE,45.98514799,-112.541496,,X,
228,SW,45.98514799,-112.541632,,X,
228,NE,45.98526801,-112.541496,,X,
228,NW,45.98526801,-112.541632,,X,
229,SE,45.98501099,-112.541496,,X,
229,SW,45.98501099,-112.541632,,X,
229,NE,45.98513101,-112.541496,,X,
229,NW,45.98513101,-112.541632,,X,
230,SE,45.98486399,-112.541496,,X,
230,SW,45.98486399,-112.541632,,X,
230,NE,45.98498401,-112.541496,,X,
230,NW,45.98498401,-112.541632,,X,
231,SE,45.98472999,-112.541496,,X,
231,SW,45.98472999,-112.541632,,X,
231,NE,45.98485001,-112.541496,,X,
231,NW,45.98485001,-112.541632,,X,
232,SE,45.98459399,-112.541496,,X,
232,SW,45.98459399,-112.541632,,X,
232,NE,45.98471401,-112.541496,,X,
232,NW,45.98471401,-112.541632,,X,
233,SE,45.98445399,-112.541496,,X,
233,SW,45.98445399,-112.541632,,X,
233,NE,45.98457401,-112.541496,,X,
233,NW,45.98457401,-112.541632,,X,
234,SE,45.98431899,-112.541496,,X,
234,SW,45.98431899,-112.541632,,X,
234,NE,45.98443901,-112.541496,,X,
234,NW,45.98443901,-112.541632,,X,
235,SE,45.98415199,-112.541496,,X,
235,SW,45.98415199,-112.541632,,X,
235,NE,45.98427201,-112.541496,,X,
235,NW,45.98427201,-112.541632,,X,
236,SE,45.98401899,-112.541496,,X,
236,SW,45.98401899,-112.541632,,X,
236,NE,45.98413901,-112.541496,,X,
236,NW,45.98413901,-112.541632,,X,
237,SE,45.98387699,-112.541496,,X,
237,SW,45.98387699,-112.541632,,X,
237,NE,45.98399701,-112.541496,,X,
237,NW,45.98399701,-112.541632,,X,
238,SE,45.98373999,-112.541496,,X,
238,SW,45.98373999,-112.541632,,X,
238,NE,45.98386001,-112.541496,,X,
238,NW,45.98386001,-112.541632,,X,
239,SE,45.98360399,-112.541496,,X,
239,SW,45.98360399,-112.541632,,X,
239,NE,45.98372401,-112.541496,,X,
239,NW,45.98372401,-112.541632,,X,
240,SE,45.98346599,-112.541496,,X,
240,SW,45.98346599,-112.541632,,X,
240,NE,45.98358601,-112.541496,,X,
240,NW,45.98358601,-112.541632,,X,
241,SE,45.98346599,-112.541693,,X,
241,SW,45.98346599,-112.541829,,X,
241,NE,45.98358601,-112.541693,,X,
241,NW,45.98358601,-112.541829,,X,
242,SE,45.98360399,-112.541693,,X,
242,SW,45.98360399,-112.541829,,X,
242,NE,45.98372401,-112.541693,,X,
242,NW,45.98372401,-112.541829,,X,
243,SE,45.98373999,-112.541693,,X,
243,SW,45.98373999,-112.541829,,X,
243,NE,45.98386001,-112.541693,,X,
243,NW,45.98386001,-112.541829,,X,
244,SE,45.98387699,-112.541693,,X,
244,SW,45.98387699,-112.541829,,X,
244,NE,45.98399701,-112.541693,,X,
244,NW,45.98399701,-112.541829,,X,
245,SE,45.98401899,-112.541693,,X,
245,SW,45.98401899,-112.541829,,X,
245,NE,45.98413901,-112.541693,,X,
245,NW,45.98413901,-112.541829,,X,
246,SE,45.98415199,-112.541693,,X,
246,SW,45.98415199,-112.541829,,X,
246,NE,45.98427201,-112.541693,,X,
246,NW,45.98427201,-112.541829,,X,
247,SE,45.98431899,-112.541693,,X,
247,SW,45.98431899,-112.541829,,X,
247,NE,45.98443901,-112.541693,,X,
247,NW,45.98443901,-112.541829,,X,
248,SE,45.98445399,-112.541693,,X,
248,SW,45.98445399,-112.541829,,X,
248,NE,45.98457401,-112.541693,,X,
248,NW,45.98457401,-112.541829,,X,
249,SE,45.98459399,-112.541693,,X,
249,SW,45.98459399,-112.541829,,X,
249,NE,45.98471401,-112.541693,,X,
249,NW,45.98471401,-112.541829,,X,
250,SE,45.98472999,-112.541693,,X,
250,SW,45.98472999,-112.541829,,X,
250,NE,45.98485001,-112.541693,,X,
250,NW,45.98485001,-112.541829,,X,
251,SE,45.98486399,-112.541693,,X,
251,SW,45.98486399,-112.541829,,X,
251,NE,45.98498401,-112.541693,,X,
251,NW,45.98498401,-112.541829,,X,
252,SE,45.98501099,-112.541693,,X,
252,SW,45.98501099,-112.541829,,X,
252,NE,45.98513101,-112.541693,,X,
252,NW,45.98513101,-112.541829,,X,
253,SE,45.98514799,-112.541693,,X,
253,SW,45.98514799,-112.541829,,X,
253,NE,45.98526801,-112.541693,,X,
253,NW,45.98526801,-112.541829,,X,
254,SE,45.98527999,-112.541693,,X,
254,SW,45.98527999,-112.541829,,X,
254,NE,45.98540001,-112.541693,,X,
254,NW,45.98540001,-112.541829,,X,
255,SE,45.98542199,-112.541693,,X,
255,SW,45.98542199,-112.541829,,X,
255,NE,45.98554201,-112.541693,,X,
255,NW,45.98554201,-112.541829,,X,
256,SE,45.98555099,-112.541693,,X,
256,SW,45.98555099,-112.541829,,X,
256,NE,45.98567101,-112.541693,,X,
256,NW,45.98567101,-112.541829,,X,
257,SE,45.98555099,-112.541837,,X,
257,SW,45.98555099,-112.541973,,X,
257,NE,45.98567101,-112.541837,,X,
257,NW,45.98567101,-112.541973,,X,
258,SE,45.98542199,-112.541837,,X,
258,SW,45.98542199,-112.541973,,X,
258,NE,45.98554201,-112.541837,,X,
258,NW,45.98554201,-112.541973,,X,
259,SE,45.98527999,-112.541837,,X,
259,SW,45.98527999,-112.541973,,X,
259,NE,45.98540001,-112.541837,,X,
259,NW,45.98540001,-112.541973,,X,
260,SE,45.98514799,-112.541837,,X,
260,SW,45.98514799,-112.541973,,X,
260,NE,45.98526801,-112.541837,,X,
260,NW,45.98526801,-112.541973,,X,
261,SE,45.98501099,-112.541837,,X,
261,SW,45.98501099,-112.541973,,X,
261,NE,45.98513101,-112.541837,,X,
261,NW,45.98513101,-112.541973,,X,
262,SE,45.98486399,-112.541837,,X,
262,SW,45.98486399,-112.541973,,X,
262,NE,45.98498401,-112.541837,,X,
262,NW,45.98498401,-112.541973,,X,
263,SE,45.98472999,-112.541837,,X,
263,SW,45.98472999,-112.541973,,X,
263,NE,45.98485001,-112.541837,,X,
263,NW,45.98485001,-112.541973,,X,
264,SE,45.98459399,-112.541837,,X,
264,SW,45.98459399,-112.541973,,X,
264,NE,45.98471401,-112.541837,,X,
264,NW,45.98471401,-112.541973,,X,
265,SE,45.98445399,-112.541837,,X,
265,SW,45.98445399,-112.541973,,X,
265,NE,45.98457401,-112.541837,,X,
265,NW,45.98457401,-112.541973,,X,
266,SE,45.98431899,-112.541837,,X,
266,SW,45.98431899,-112.541973,,X,
266,NE,45.98443901,-112.541837,,X,
266,NW,45.98443901,-112.541973,,X,
267,SE,45.98415199,-112.541837,,X,
267,SW,45.98415199,-112.541973,,X,
267,NE,45.98427201,-112.541837,,X,
267,NW,45.98427201,-112.541973,,X,
268,SE,45.98401899,-112.541837,,X,
268,SW,45.98401899,-112.541973,,X,
268,NE,45.98413901,-112.541837,,X,
268,NW,45.98413901,-112.541973,,X,
269,SE,45.98387699,-112.541837,,X,
269,SW,45.98387699,-112.541973,,X,
269,NE,45.98399701,-112.541837,,X,
269,NW,45.98399701,-112.541973,,X,
270,SE,45.98373999,-112.541837,,X,
270,SW,45.98373999,-112.541973,,X,
270,NE,45.98386001,-112.541837,,X,
270,NW,45.98386001,-112.541973,,X,
271,SE,45.98360399,-112.541837,,X,
271,SW,45.98360399,-112.541973,,X,
271,NE,45.98372401,-112.541837,,X,
271,NW,45.98372401,-112.541973,,X,
272,SE,45.98346599,-112.541837,,X,
272,SW,45.98346599,-112.541973,,X,
272,NE,45.98358601,-112.541837,,X,
272,NW,45.98358601,-112.541973,,X,
273,SE,45.98346599,-112.542009,,X,
273,SW,45.98346599,-112.542145,,X,
273,NE,45.98358601,-112.542009,,X,
273,NW,45.98358601,-112.542145,,X,
274,SE,45.98360399,-112.542009,,X,
274,SW,45.98360399,-112.542145,,X,
274,NE,45.98372401,-112.542009,,X,
274,NW,45.98372401,-112.542145,,X,
275,SE,45.98373999,-112.542009,,X,
275,SW,45.98373999,-112.542145,,X,
275,NE,45.98386001,-112.542009,,X,
275,NW,45.98386001,-112.542145,,X,
276,SE,45.98387699,-112.542009,,X,
276,SW,45.98387699,-112.542145,,X,
276,NE,45.98399701,-112.542009,,X,
276,NW,45.98399701,-112.542145,,X,
277,SE,45.98401899,-112.542009,,X,
277,SW,45.98401899,-112.542145,,X,
277,NE,45.98413901,-112.542009,,X,
277,NW,45.98413901,-112.542145,,X,
278,SE,45.98415199,-112.542009,,X,
278,SW,45.98415199,-112.542145,,X,
278,NE,45.98427201,-112.542009,,X,
278,NW,45.98427201,-112.542145,,X,
279,SE,45.98431899,-112.542009,,X,
279,SW,45.98431899,-112.542145,,X,
279,NE,45.98443901,-112.542009,,X,
279,NW,45.98443901,-112.542145,,X,
280,SE,45.98445399,-112.542009,,X,
280,SW,45.98445399,-112.542145,,X,
280,NE,45.98457401,-112.542009,,X,
280,NW,45.98457401,-112.542145,,X,
281,SE,45.98459399,-112.542009,,X,
281,SW,45.98459399,-112.542145,,X,
281,NE,45.98471401,-112.542009,,X,
281,NW,45.98471401,-112.542145,,X,
282,SE,45.98472999,-112.542009,,X,
282,SW,45.98472999,-112.542145,,X,
282,NE,45.98485001,-112.542009,,X,
282,NW,45.98485001,-112.542145,,X,
283,SE,45.98486399,-112.542009,,X,
283,SW,45.98486399,-112.542145,,X,
283,NE,45.98498401,-112.542009,,X,
283,NW,45.98498401,-112.542145,,X,
284,SE,45.98501099,-112.542009,,X,
284,SW,45.98501099,-112.542145,,X,
284,NE,45.98513101,-112.542009,,X,
284,NW,45.98513101,-112.542145,,X,
285,SE,45.98514799,-112.542009,,X,
285,SW,45.98514799,-112.542145,,X,
285,NE,45.98526801,-112.542009,,X,
285,NW,45.98526801,-112.542145,,X,
286,SE,45.98527999,-112.542009,,X,
286,SW,45.98527999,-112.542145,,X,
286,NE,45.98540001,-112.542009,,X,
286,NW,45.98540001,-112.542145,,X,
287,SE,45.98542199,-112.542009,,X,
287,SW,45.98542199,-112.542145,,X,
287,NE,45.98554201,-112.542009,,X,
287,NW,45.98554201,-112.542145,,X,
288,SE,45.98555099,-112.542009,,X,
288,SW,45.98555099,-112.542145,,X,
288,NE,45.98567101,-112.542009,,X,
288,NW,45.98567101,-112.542145,,X,
289,SE,45.98555099,-112.542157,,X,
289,SW,45.98555099,-112.542293,,X,
289,NE,45.98567101,-112.542157,,X,
289,NW,45.98567101,-112.542293,,X,
290,SE,45.98542199,-112.542157,,X,
290,SW,45.98542199,-112.542293,,X,
290,NE,45.98554201,-112.542157,,X,
290,NW,45.98554201,-112.542293,,X,
291,SE,45.98527999,-112.542157,,X,
291,SW,45.98527999,-112.542293,,X,
291,NE,45.98540001,-112.542157,,X,
291,NW,45.98540001,-112.542293,,X,
292,SE,45.98514799,-112.542157,,X,
292,SW,45.98514799,-112.542293,,X,
292,NE,45.98526801,-112.542157,,X,
292,NW,45.98526801,-112.542293,,X,
293,SE,45.98501099,-112.542157,,X,
293,SW,45.98501099,-112.542293,,X,
293,NE,45.98513101,-112.542157,,X,
293,NW,45.98513101,-112.542293,,X,
294,SE,45.98486399,-112.542157,,X,
294,SW,45.98486399,-112.542293,,X,
294,NE,45.98498401,-112.542157,,X,
294,NW,45.98498401,-112.542293,,X,
295,SE,45.98472999,-112.542157,,X,
295,SW,45.98472999,-112.542293,,X,
295,NE,45.98485001,-112.542157,,X,
295,NW,45.98485001,-112.542293,,X,
296,SE,45.98459399,-112.542157,,X,
296,SW,45.98459399,-112.542293,,X,
296,NE,45.98471401,-112.542157,,X,
296,NW,45.98471401,-112.542293,,X,
297,SE,45.98445399,-112.542157,,X,
297,SW,45.98445399,-112.542293,,X,
297,NE,45.98457401,-112.542157,,X,
297,NW,45.98457401,-112.542293,,X,
298,SE,45.98431899,-112.542157,,X,
298,SW,45.98431899,-112.542293,,X,
298,NE,45.98443901,-112.542157,,X,
298,NW,45.98443901,-112.542293,,X,
299,SE,45.98415199,-112.542157,,X,
299,SW,45.98415199,-112.542293,,X,
299,NE,45.98427201,-112.542157,,X,
299,NW,45.98427201,-112.542293,,X,
300,SE,45.98401899,-112.542157,,X,
300,SW,45.98401899,-112.542293,,X,
300,NE,45.98413901,-112.542157,,X,
300,NW,45.98413901,-112.542293,,X,
301,SE,45.98387699,-112.542157,,X,
301,SW,45.98387699,-112.542293,,X,
301,NE,45.98399701,-112.542157,,X,
301,NW,45.98399701,-112.542293,,X,
302,SE,45.98373999,-112.542157,,X,
302,SW,45.98373999,-112.542293,,X,
302,NE,45.98386001,-112.542157,,X,
302,NW,45.98386001,-112.542293,,X,
303,SE,45.98360399,-112.542157,,X,
303,SW,45.98360399,-112.542293,,X,
303,NE,45.98372401,-112.542157,,X,
303,NW,45.98372401,-112.542293,,X,
304,SE,45.98346599,-112.542157,,X,
304,SW,45.98346599,-112.542293,,X,
304,NE,45.98358601,-112.542157,,X,
304,NW,45.98358601,-112.542293,,X,
305,SE,45.98346599,-112.542315,,X,
305,SW,45.98346599,-112.542451,,X,
305,NE,45.98358601,-112.542315,,X,
305,NW,45.98358601,-112.542451,,X,
306,SE,45.98360399,-112.542315,,X,
306,SW,45.98360399,-112.542451,,X,
306,NE,45.98372401,-112.542315,,X,
306,NW,45.98372401,-112.542451,,X,
307,SE,45.98373999,-112.542315,,X,
307,SW,45.98373999,-112.542451,,X,
307,NE,45.98386001,-112.542315,,X,
307,NW,45.98386001,-112.542451,,X,
308,SE,45.98387699,-112.542315,,X,
308,SW,45.98387699,-112.542451,,X,
308,NE,45.98399701,-112.542315,,X,
308,NW,45.98399701,-112.542451,,X,
309,SE,45.98401899,-112.542315,,X,
309,SW,45.98401899,-112.542451,,X,
309,NE,45.98413901,-112.542315,,X,
309,NW,45.98413901,-112.542451,,X,
310,SE,45.98415199,-112.542315,,X,
310,SW,45.98415199,-112.542451,,X,
310,NE,45.98427201,-112.542315,,X,
310,NW,45.98427201,-112.542451,,X,
311,SE,45.98431899,-112.542315,,X,
311,SW,45.98431899,-112.542451,,X,
311,NE,45.98443901,-112.542315,,X,
311,NW,45.98443901,-112.542451,,X,
312,SE,45.98445399,-112.542315,,X,
312,SW,45.98445399,-112.542451,,X,
312,NE,45.98457401,-112.542315,,X,
312,NW,45.98457401,-112.542451,,X,
313,SE,45.98459399,-112.542315,,X,
313,SW,45.98459399,-112.542451,,X,
313,NE,45.98471401,-112.542315,,X,
313,NW,45.98471401,-112.542451,,X,
314,SE,45.98472999,-112.542315,,X,
314,SW,45.98472999,-112.542451,,X,
314,NE,45.98485001,-112.542315,,X,
314,NW,45.98485001,-112.542451,,X,
315,SE,45.98486399,-112.542315,,X,
315,SW,45.98486399,-112.542451,,X,
315,NE,45.98498401,-112.542315,,X,
315,NW,45.98498401,-112.542451,,X,
316,SE,45.98501099,-112.542315,,X,
316,SW,45.98501099,-112.542451,,X,
316,NE,45.98513101,-112.542315,,X,
316,NW,45.98513101,-112.542451,,X,
317,SE,45.98514799,-112.542315,,X,
317,SW,45.98514799,-112.542451,,X,
317,NE,45.98526801,-112.542315,,X,
317,NW,45.98526801,-112.542451,,X,
318,SE,45.98527999,-112.542315,,X,
318,SW,45.98527999,-112.542451,,X,
318,NE,45.98540001,-112.542315,,X,
318,NW,45.98540001,-112.542451,,X,
319,SE,45.98542199,-112.542315,,X,
319,SW,45.98542199,-112.542451,,X,
319,NE,45.98554201,-112.542315,,X,
319,NW,45.98554201,-112.542451,,X,
320,SE,45.98555099,-112.542315,,X,
320,SW,45.98555099,-112.542451,,X,
320,NE,45.98567101,-112.542315,,X,
320,NW,45.98567101,-112.542451,,X,
321,SE,45.98555099,-112.542525,,X,
321,SW,45.98555099,-112.542661,,X,
321,NE,45.98567101,-112.542525,,X,
321,NW,45.98567101,-112.542661,,X,
322,SE,45.98542199,-112.542525,,X,
322,SW,45.98542199,-112.542661,,X,
322,NE,45.98554201,-112.542525,,X,
322,NW,45.98554201,-112.542661,,X,
323,SE,45.98527999,-112.542525,,X,
323,SW,45.98527999,-112.542661,,X,
323,NE,45.98540001,-112.542525,,X,
323,NW,45.98540001,-112.542661,,X,
324,SE,45.98514799,-112.542525,,X,
324,SW,45.98514799,-112.542661,,X,
324,NE,45.98526801,-112.542525,,X,
324,NW,45.98526801,-112.542661,,X,
325,SE,45.98501099,-112.542525,,X,
325,SW,45.98501099,-112.542661,,X,
325,NE,45.98513101,-112.542525,,X,
325,NW,45.98513101,-112.542661,,X,
326,SE,45.98486399,-112.542525,,X,
326,SW,45.98486399,-112.542661,,X,
326,NE,45.98498401,-112.542525,,X,
326,NW,45.98498401,-112.542661,,X,
327,SE,45.98472999,-112.542525,,X,
327,SW,45.98472999,-112.542661,,X,
327,NE,45.98485001,-112.542525,,X,
327,NW,45.98485001,-112.542661,,X,
328,SE,45.98459399,-112.542525,,X,
328,SW,45.98459399,-112.542661,,X,
328,NE,45.98471401,-112.542525,,X,
328,NW,45.98471401,-112.542661,,X,
329,SE,45.98445399,-112.542525,,X,
329,SW,45.98445399,-112.542661,,X,
329,NE,45.98457401,-112.542525,,X,
329,NW,45.98457401,-112.542661,,X,
330,SE,45.98431899,-112.542525,,X,
330,SW,45.98431899,-112.542661,,X,
330,NE,45.98443901,-112.542525,,X,
330,NW,45.98443901,-112.542661,,X,
331,SE,45.98415199,-112.542525,,X,
331,SW,45.98415199,-112.542661,,X,
331,NE,45.98427201,-112.542525,,X,
331,NW,45.98427201,-112.542661,,X,
332,SE,45.98401899,-112.542525,,X,
332,SW,45.98401899,-112.542661,,X,
332,NE,45.98413901,-112.542525,,X,
332,NW,45.98413901,-112.542661,,X,
333,SE,45.98387699,-112.542525,,X,
333,SW,45.98387699,-112.542661,,X,
333,NE,45.98399701,-112.542525,,X,
333,NW,45.98399701,-112.542661,,X,
334,SE,45.98373999,-112.542525,,X,
334,SW,45.98373999,-112.542661,,X,
334,NE,45.98386001,-112.542525,,X,
334,NW,45.98386001,-112.542661,,X,
335,SE,45.98360399,-112.542525,,X,
335,SW,45.98360399,-112.542661,,X,
335,NE,45.98372401,-112.542525,,X,
335,NW,45.98372401,-112.542661,,X,
336,SE,45.98346599,-112.542525,,X,
336,SW,45.98346599,-112.542661,,X,
336,NE,45.98358601,-112.542525,,X,
336,NW,45.98358601,-112.542661,,X,
337,SE,45.98346599,-112.542676,,X,
337,SW,45.98346599,-112.542812,,X,
337,NE,45.98358601,-112.542676,,X,
337,NW,45.98358601,-112.542812,,X,
338,SE,45.98360399,-112.542676,,X,
338,SW,45.98360399,-112.542812,,X,
338,NE,45.98372401,-112.542676,,X,
338,NW,45.98372401,-112.542812,,X,
339,SE,45.98373999,-112.542676,,X,
339,SW,45.98373999,-112.542812,,X,
339,NE,45.98386001,-112.542676,,X,
339,NW,45.98386001,-112.542812,,X,
340,SE,45.98387699,-112.542676,,X,
340,SW,45.98387699,-112.542812,,X,
340,NE,45.98399701,-112.542676,,X,
340,NW,45.98399701,-112.542812,,X,
341,SE,45.98401899,-112.542676,,X,
341,SW,45.98401899,-112.542812,,X,
341,NE,45.98413901,-112.542676,,X,
341,NW,45.98413901,-112.542812,,X,
342,SE,45.98415199,-112.542676,,X,
342,SW,45.98415199,-112.542812,,X,
342,NE,45.98427201,-112.542676,,X,
342,NW,45.98427201,-112.542812,,X,
343,SE,45.98431899,-112.542676,,X,
343,SW,45.98431899,-112.542812,,X,
343,NE,45.98443901,-112.542676,,X,
343,NW,45.98443901,-112.542812,,X,
344,SE,45.98445399,-112.542676,,X,
344,SW,45.98445399,-112.542812,,X,
344,NE,45.98457401,-112.542676,,X,
344,NW,45.98457401,-112.542812,,X,
345,SE,45.98459399,-112.542676,,X,
345,SW,45.98459399,-112.542812,,X,
345,NE,45.98471401,-112.542676,,X,
345,NW,45.98471401,-112.542812,,X,
346,SE,45.98472999,-112.542676,,X,
346,SW,45.98472999,-112.542812,,X,
346,NE,45.98485001,-112.542676,,X,
346,NW,45.98485001,-112.542812,,X,
347,SE,45.98486399,-112.542676,,X,
347,SW,45.98486399,-112.542812,,X,
347,NE,45.98498401,-112.542676,,X,
347,NW,45.98498401,-112.542812,,X,
348,SE,45.98501099,-112.542676,,X,
348,SW,45.98501099,-112.542812,,X,
348,NE,45.98513101,-112.542676,,X,
348,NW,45.98513101,-112.542812,,X,
349,SE,45.98514799,-112.542676,,X,
349,SW,45.98514799,-112.542812,,X,
349,NE,45.98526801,-112.542676,,X,
349,NW,45.98526801,-112.542812,,X,
350,SE,45.98527999,-112.542676,,X,
350,SW,45.98527999,-112.542812,,X,
350,NE,45.98540001,-112.542676,,X,
350,NW,45.98540001,-112.542812,,X,
351,SE,45.98542199,-112.542676,,X,
351,SW,45.98542199,-112.542812,,X,
351,NE,45.98554201,-112.542676,,X,
351,NW,45.98554201,-112.542812,,X,
352,SE,45.98555099,-112.542676,,X,
352,SW,45.98555099,-112.542812,,X,
352,NE,45.98567101,-112.542676,,X,
352,NW,45.98567101,-112.542812,,X,
353,SE,45.98555099,-112.542835,,X,
353,SW,45.98555099,-112.542971,,X,
353,NE,45.98567101,-112.542835,,X,
353,NW,45.98567101,-112.542971,,X,
354,SE,45.98542199,-112.542835,,X,
354,SW,45.98542199,-112.542971,,X,
354,NE,45.98554201,-112.542835,,X,
354,NW,45.98554201,-112.542971,,X,
355,SE,45.98527999,-112.542835,,X,
355,SW,45.98527999,-112.542971,,X,
355,NE,45.98540001,-112.542835,,X,
355,NW,45.98540001,-112.542971,,X,
356,SE,45.98514799,-112.542835,,X,
356,SW,45.98514799,-112.542971,,X,
356,NE,45.98526801,-112.542835,,X,
356,NW,45.98526801,-112.542971,,X,
357,SE,45.98501099,-112.542835,,X,
357,SW,45.98501099,-112.542971,,X,
357,NE,45.98513101,-112.542835,,X,
357,NW,45.98513101,-112.542971,,X,
358,SE,45.98486399,-112.542835,,X,
358,SW,45.98486399,-112.542971,,X,
358,NE,45.98498401,-112.542835,,X,
358,NW,45.98498401,-112.542971,,X,
359,SE,45.98472999,-112.542835,,X,
359,SW,45.98472999,-112.542971,,X,
359,NE,45.98485001,-112.542835,,X,
359,NW,45.98485001,-112.542971,,X,
360,SE,45.98459399,-112.542835,,X,
360,SW,45.98459399,-112.542971,,X,
360,NE,45.98471401,-112.542835,,X,
360,NW,45.98471401,-112.542971,,X,
361,SE,45.98445399,-112.542835,,X,
361,SW,45.98445399,-112.542971,,X,
361,NE,45.98457401,-112.542835,,X,
361,NW,45.98457401,-112.542971,,X,
362,SE,45.98431899,-112.542835,,X,
362,SW,45.98431899,-112.542971,,X,
362,NE,45.98443901,-112.542835,,X,
362,NW,45.98443901,-112.542971,,X,
363,SE,45.98415199,-112.542835,,X,
363,SW,45.98415199,-112.542971,,X,
363,NE,45.98427201,-112.542835,,X,
363,NW,45.98427201,-112.542971,,X,
364,SE,45.98401899,-112.542835,,X,
364,SW,45.98401899,-112.542971,,X,
364,NE,45.98413901,-112.542835,,X,
364,NW,45.98413901,-112.542971,,X,
365,SE,45.98387699,-112.542835,,X,
365,SW,45.98387699,-112.542971,,X,
365,NE,45.98399701,-112.542835,,X,
365,NW,45.98399701,-112.542971,,X,
366,SE,45.98373999,-112.542835,,X,
366,SW,45.98373999,-112.542971,,X,
366,NE,45.98386001,-112.542835,,X,
366,NW,45.98386001,-112.542971,,X,
367,SE,45.98360399,-112.542835,,X,
367,SW,45.98360399,-112.542971,,X,
367,NE,45.98372401,-112.542835,,X,
367,NW,45.98372401,-112.542971,,X,
368,SE,45.98346599,-112.542835,,X,
368,SW,45.98346599,-112.542971,,X,
368,NE,45.98358601,-112.542835,,X,
368,NW,45.98358601,-112.542971,,X,
369,SE,45.98346599,-112.542996,,X,
369,SW,45.98346599,-112.543132,,X,
369,NE,45.98358601,-112.542996,,X,
369,NW,45.98358601,-112.543132,,X,
370,SE,45.98360399,-112.542996,,X,
370,SW,45.98360399,-112.543132,,X,
370,NE,45.98372401,-112.542996,,X,
370,NW,45.98372401,-112.543132,,X,
371,SE,45.98373999,-112.542996,,X,
371,SW,45.98373999,-112.543132,,X,
371,NE,45.98386001,-112.542996,,X,
371,NW,45.98386001,-112.543132,,X,
372,SE,45.98387699,-112.542996,,X,
372,SW,45.98387699,-112.543132,,X,
372,NE,45.98399701,-112.542996,,X,
372,NW,45.98399701,-112.543132,,X,
373,SE,45.98401899,-112.542996,,X,
373,SW,45.98401899,-112.543132,,X,
373,NE,45.98413901,-112.542996,,X,
373,NW,45.98413901,-112.543132,,X,
374,SE,45.98415199,-112.542996,,X,
374,SW,45.98415199,-112.543132,,X,
374,NE,45.98427201,-112.542996,,X,
374,NW,45.98427201,-112.543132,,X,
375,SE,45.98431899,-112.542996,,X,
375,SW,45.98431899,-112.543132,,X,
375,NE,45.98443901,-112.542996,,X,
375,NW,45.98443901,-112.543132,,X,
376,SE,45.98445399,-112.542996,,X,
376,SW,45.98445399,-112.543132,,X,
376,NE,45.98457401,-112.542996,,X,
376,NW,45.98457401,-112.543132,,X,
377,SE,45.98459399,-112.542996,,X,
377,SW,45.98459399,-112.543132,,X,
377,NE,45.98471401,-112.542996,,X,
377,NW,45.98471401,-112.543132,,X,
378,SE,45.98472999,-112.542996,,X,
378,SW,45.98472999,-112.543132,,X,
378,NE,45.98485001,-112.542996,,X,
378,NW,45.98485001,-112.543132,,X,
379,SE,45.98486399,-112.542996,,X,
379,SW,45.98486399,-112.543132,,X,
379,NE,45.98498401,-112.542996,,X,
379,NW,45.98498401,-112.543132,,X,
380,SE,45.98501099,-112.542996,,X,
380,SW,45.98501099,-112.543132,,X,
380,NE,45.98513101,-112.542996,,X,
380,NW,45.98513101,-112.543132,,X,
381,SE,45.98514799,-112.542996,,X,
381,SW,45.98514799,-112.543132,,X,
381,NE,45.98526801,-112.542996,,X,
381,NW,45.98526801,-112.543132,,X,
382,SE,45.98527999,-112.542996,,X,
382,SW,45.98527999,-112.543132,,X,
382,NE,45.98540001,-112.542996,,X,
382,NW,45.98540001,-112.543132,,X,
383,SE,45.98542199,-112.542996,,X,
383,SW,45.98542199,-112.543132,,X,
383,NE,45.98554201,-112.542996,,X,
383,NW,45.98554201,-112.543132,,X,
384,SE,45.98555099,-112.542996,,X,
384,SW,45.98555099,-112.543132,,X,
384,NE,45.98567101,-112.542996,,X,
384,NW,45.98567101,-112.543132,,X,
385,SE,45.98555099,-112.543153,,X,
385,SW,45.98555099,-112.543289,,X,
385,NE,45.98567101,-112.543153,,X,
385,NW,45.98567101,-112.543289,,X,
386,SE,45.98542199,-112.543153,,X,
386,SW,45.98542199,-112.543289,,X,
386,NE,45.98554201,-112.543153,,X,
386,NW,45.98554201,-112.543289,,X,
387,SE,45.98527999,-112.543153,,X,
387,SW,45.98527999,-112.543289,,X,
387,NE,45.98540001,-112.543153,,X,
387,NW,45.98540001,-112.543289,,X,
388,SE,45.98514799,-112.543153,,X,
388,SW,45.98514799,-112.543289,,X,
388,NE,45.98526801,-112.543153,,X,
388,NW,45.98526801,-112.543289,,X,
389,SE,45.98501099,-112.543153,,X,
389,SW,45.98501099,-112.543289,,X,
389,NE,45.98513101,-112.543153,,X,
389,NW,45.98513101,-112.543289,,X,
390,SE,45.98486399,-112.543153,,X,
390,SW,45.98486399,-112.543289,,X,
390,NE,45.98498401,-112.543153,,X,
390,NW,45.98498401,-112.543289,,X,
391,SE,45.98472999,-112.543153,,X,
391,SW,45.98472999,-112.543289,,X,
391,NE,45.98485001,-112.543153,,X,
391,NW,45.98485001,-112.543289,,X,
392,SE,45.98459399,-112.543153,,X,
392,SW,45.98459399,-112.543289,,X,
392,NE,45.98471401,-112.543153,,X,
392,NW,45.98471401,-112.543289,,X,
393,SE,45.98445399,-112.543153,,X,
393,SW,45.98445399,-112.543289,,X,
393,NE,45.98457401,-112.543153,,X,
393,NW,45.98457401,-112.543289,,X,
394,SE,45.98431899,-112.543153,,X,
394,SW,45.98431899,-112.543289,,X,
394,NE,45.98443901,-112.543153,,X,
394,NW,45.98443901,-112.543289,,X,
395,SE,45.98415199,-112.543153,,X,
395,SW,45.98415199,-112.543289,,X,
395,NE,45.98427201,-112.543153,,X,
395,NW,45.984267,-112.54324,,,
396,SE,45.98401899,-112.543153,,X,
396,SW,45.98401899,-112.543289,,X,
396,NE,45.98413901,-112.543153,,X,
396,NW,45.98413901,-112.543289,,X,
397,SE,45.98387699,-112.543153,,X,
397,SW,45.98387699,-112.543289,,X,
397,NE,45.98399701,-112.543153,,X,
397,NW,45.98399701,-112.543289,,X,
398,SE,45.98373999,-112.543153,,X,
398,SW,45.98373999,-112.543289,,X,
398,NE,45.98386001,-112.543153,,X,
398,NW,45.98386001,-112.543289,,X,
399,SE,45.98360399,-112.543153,,X,
399,SW,45.98360399,-112.543289,,X,
399,NE,45.98372401,-112.543153,,X,
399,NW,45.98372401,-112.543289,,X,
400,SE,45.98346599,-112.543153,,X,
400,SW,45.98346599,-112.543289,,X,
400,NE,45.98358601,-112.543153,,X,
400,NW,45.98358601,-112.543289,,X,
401,SE,45.98569699,-112.543153,,X,
401,SW,45.98569699,-112.543289,,X,
401,NE,45.98581701,-112.543153,,X,
401,NW,45.98581701,-112.543289,,X,
402,SE,45.98569699,-112.542996,,X,
402,SW,45.98569699,-112.543132,,X,
402,NE,45.98581701,-112.542996,,X,
402,NW,45.98581701,-112.543132,,X,
403,SE,45.98569699,-112.542835,,X,
403,SW,45.98569699,-112.542971,,X,
403,NE,45.98581701,-112.542835,,X,
403,NW,45.98581701,-112.542971,,X,
404,SE,45.98569699,-112.542676,,X,
404,SW,45.98569699,-112.542812,,X,
404,NE,45.985749,-112.542676,,X,
404,NW,45.985748,-112.542812,,X,
405,SE,45.98569699,-112.542525,,X,
405,SW,45.98569699,-112.542661,,X,
405,NE,45.985752,-112.542525,,X,
405,NW,45.985752,-112.542661,,X,
406,SE,45.98569699,-112.542315,,X,
406,SW,45.98569699,-112.542451,,X,
406,NE,45.98581701,-112.542315,,X,
406,NW,45.98581701,-112.542451,,X,
407,SE,45.98569699,-112.542157,,X,
407,SW,45.98569699,-112.542293,,X,
407,NE,45.98581701,-112.542157,,X,
407,NW,45.98581701,-112.542293,,X,
408,SE,45.98569699,-112.542009,,X,
408,SW,45.98569699,-112.542145,,X,
408,NE,45.98581701,-112.542009,,X,
408,NW,45.98581701,-112.542145,,X,
409,SE,45.98569699,-112.541837,,X,
409,SW,45.98569699,-112.541973,,X,
409,NE,45.98581701,-112.541837,,X,
409,NW,45.98581701,-112.541973,,X,
410,SE,45.98569699,-112.541693,,X,
410,SW,45.98569699,-112.541829,,X,
410,NE,45.98581701,-112.541693,,X,
410,NW,45.98581701,-112.541829,,X,
411,SE,45.98569699,-112.541496,,X,
411,SW,45.98569699,-112.541632,,X,
411,NE,45.98581701,-112.541496,,X,
411,NW,45.98581701,-112.541632,,X,
412,SE,45.98569699,-112.541335,,X,
412,SW,45.98569699,-112.541471,,X,
412,NE,45.98581701,-112.541335,,X,
412,NW,45.98581701,-112.541471,,X,
413,SE,45.98569699,-112.541183,,X,
413,SW,45.98569699,-112.541319,,X,
413,NE,45.98581701,-112.541183,,X,
413,NW,45.98581701,-112.541319,,X,
414,SE,45.98569699,-112.541026,,X,
414,SW,45.98569699,-112.541162,,X,
414,NE,45.98581701,-112.541026,,X,
414,NW,45.98581701,-112.541162,,X,
415,SE,45.98569699,-112.540858,,X,
415,SW,45.98569699,-112.540994,,X,
415,NE,45.98581701,-112.540858,,X,
415,NW,45.98581701,-112.540994,,X,
416,SE,45.98569699,-112.540655,,X,
416,SW,45.98569699,-112.540791,,X,
416,NE,45.98581701,-112.540655,,X,
416,NW,45.98581701,-112.540791,,X,
417,SE,45.98569699,-112.540506,,X,
417,SW,45.98569699,-112.540642,,X,
417,NE,45.98581701,-112.540506,,X,
417,NW,45.98581701,-112.540642,,X,
418,SE,45.98569699,-112.540355,,X,
418,SW,45.98569699,-112.540491,,X,
418,NE,45.98581701,-112.540355,,X,
418,NW,45.98581701,-112.540491,,X,
419,SE,45.98569699,-112.540189,,X,
419,SW,45.98569699,-112.540325,,X,
419,NE,45.98581701,-112.540189,,X,
419,NW,45.98581701,-112.540325,,X,
420,SE,45.98569699,-112.540034,,X,
420,SW,45.98569699,-112.54017,,X,
420,NE,45.98581701,-112.540034,,X,
420,NW,45.98581701,-112.54017,,X,
421,SE,45.98569699,-112.53984,,X,
421,SW,45.98569699,-112.539976,,X,
421,NE,45.98581701,-112.53984,,X,
421,NW,45.98581701,-112.539976,,X,
422,SE,45.98569699,-112.539682,,X,
422,SW,45.98569699,-112.539818,,X,
422,NE,45.98581701,-112.539682,,X,
422,NW,45.98581701,-112.539818,,X,
423,SE,45.98569699,-112.539524,,X,
423,SW,45.98569699,-112.53966,,X,
423,NE,45.98581701,-112.539524,,X,
423,NW,45.98581701,-112.53966,,X,
424,SE,45.98569699,-112.539368,,X,
424,SW,45.98569699,-112.539504,,X,
424,NE,45.98581701,-112.539368,,X,
424,NW,45.98581701,-112.539504,,X,
425,SE,45.98569699,-112.539208,,X,
425,SW,45.98569699,-112.539344,,X,
425,NE,45.98581701,-112.539208,,X,
425,NW,45.98581701,-112.539344,,X,
426,SE,45.98329999,-112.543153,,X,
426,SW,45.98329999,-112.543289,,X,
426,NE,45.98342001,-112.543153,,X,
426,NW,45.98342001,-112.543289,,X,
427,SE,45.98329999,-112.542996,,X,
427,SW,45.98329999,-112.543132,,X,
427,NE,45.98342001,-112.542996,,X,
427,NW,45.98342001,-112.543132,,X,
428,SE,45.98329999,-112.542835,,X,
428,SW,45.98329999,-112.542971,,X,
428,NE,45.98342001,-112.542835,,X,
428,NW,45.98342001,-112.542971,,X,
429,SE,45.98329999,-112.542676,,X,
429,SW,45.98329999,-112.542812,,X,
429,NE,45.98342001,-112.542676,,X,
429,NW,45.98342001,-112.542812,,X,
430,SE,45.98329999,-112.542525,,X,
430,SW,45.98329999,-112.542661,,X,
430,NE,45.98342001,-112.542525,,X,
430,NW,45.98342001,-112.542661,,X,
431,SE,45.98329999,-112.542315,,X,
431,SW,45.98329999,-112.542451,,X,
431,NE,45.98342001,-112.542315,,X,
431,NW,45.98342001,-112.542451,,X,
432,SE,45.98329999,-112.542157,,X,
432,SW,45.98329999,-112.542293,,X,
432,NE,45.98342001,-112.542157,,X,
432,NW,45.98342001,-112.542293,,X,
433,SE,45.98329999,-112.542009,,X,
433,SW,45.98329999,-112.542145,,X,
433,NE,45.98342001,-112.542009,,X,
433,NW,45.98342001,-112.542145,,X,
434,SE,45.98329999,-112.541837,,X,
434,SW,45.98329999,-112.541973,,X,
434,NE,45.98342001,-112.541837,,X,
434,NW,45.98342001,-112.541973,,X,
435,SE,45.98329999,-112.541693,,X,
435,SW,45.98329999,-112.541829,,X,
435,NE,45.98342001,-112.541693,,X,
435,NW,45.98342001,-112.541829,,X,
436,SE,45.98329999,-112.541496,,X,
436,SW,45.98329999,-112.541632,,X,
436,NE,45.98342001,-112.541496,,X,
436,NW,45.98342001,-112.541632,,X,
437,SE,45.98329999,-112.541335,,X,
437,SW,45.98329999,-112.541471,,X,
437,NE,45.98342001,-112.541335,,X,
437,NW,45.98342001,-112.541471,,X,
438,SE,45.98329999,-112.541183,,X,
438,SW,45.98329999,-112.541319,,X,
438,NE,45.98342001,-112.541183,,X,
438,NW,45.98342001,-112.541319,,X,
439,SE,45.98329999,-112.541026,,X,
439,SW,45.98329999,-112.541162,,X,
439,NE,45.98342001,-112.541026,,X,
439,NW,45.98342001,-112.541162,,X,
440,SE,45.98329999,-112.540858,,X,
440,SW,45.98329999,-112.540994,,X,
440,NE,45.98342001,-112.540858,,X,
440,NW,45.98342001,-112.540994,,X,
441,SE,45.98332299,-112.540655,,X,
441,SW,45.98332299,-112.540791,,X,
441,NE,45.98344301,-112.540655,,X,
441,NW,45.98344301,-112.540791,,X,
442,SE,45.98332299,-112.540506,,X,
442,SW,45.98332299,-112.540642,,X,
442,NE,45.98344301,-112.540506,,X,
442,NW,45.98344301,-112.540642,,X,
443,SE,45.98332299,-112.540355,,X,
443,SW,45.98332299,-112.540491,,X,
443,NE,45.98344301,-112.540355,,X,
443,NW,45.98344301,-112.540491,,X,
444,SE,45.98332299,-112.540189,,X,
444,SW,45.98332299,-112.540325,,X,
444,NE,45.98344301,-112.540189,,X,
444,NW,45.98344301,-112.540325,,X,
445,SE,45.98332299,-112.540034,,X,
445,SW,45.98332299,-112.54017,,X,
445,NE,45.98344301,-112.540034,,X,
445,NW,45.98344301,-112.54017,,X,
446,SE,45.98329999,-112.53984,,X,
446,SW,45.98329999,-112.539976,,X,
446,NE,45.98342001,-112.53984,,X,
446,NW,45.98342001,-112.539976,,X,
447,SE,45.98329999,-112.539682,,X,
447,SW,45.98329999,-112.539818,,X,
447,NE,45.98342001,-112.539682,,X,
447,NW,45.98342001,-112.539818,,X,
448,SE,45.98329999,-112.539524,,X,
448,SW,45.98329999,-112.53966,,X,
448,NE,45.98342001,-112.539524,,X,
448,NW,45.98342001,-112.53966,,X,
449,SE,45.98329999,-112.539368,,X,
449,SW,45.98329999,-112.539504,,X,
449,NE,45.98342001,-112.539368,,X,
449,NW,45.98342001,-112.539504,,X,
450,SE,45.98329999,-112.539208,,X,
450,SW,45.98329999,-112.539344,,X,
450,NE,45.98342001,-112.539208,,X,
450,NW,45.98342001,-112.539344,,X,
451,SE,45.98316599,-112.539208,,X,
451,SW,45.98316599,-112.539344,,X,
451,NE,45.98328601,-112.539208,,X,
451,NW,45.98328601,-112.539344,,X,
452,SE,45.98316599,-112.539368,,X,
452,SW,45.98316599,-112.539504,,X,
452,NE,45.98328601,-112.539368,,X,
452,NW,45.98328601,-112.539504,,X,
453,SE,45.98316599,-112.539524,,X,
453,SW,45.98316599,-112.53966,,X,
453,NE,45.98328601,-112.539524,,X,
453,NW,45.98328601,-112.53966,,X,
454,SE,45.98316599,-112.539682,,X,
454,SW,45.98316599,-112.539818,,X,
454,NE,45.98328601,-112.539682,,X,
454,NW,45.98328601,-112.539818,,X,
455,SE,45.98316599,-112.53984,,X,
455,SW,45.98316599,-112.539976,,X,
455,NE,45.98328601,-112.53984,,X,
455,NW,45.98328601,-112.539976,,X,
456,SE,45.98318599,-112.540034,,X,
456,SW,45.98318599,-112.54017,,X,
456,NE,45.98330601,-112.540034,,X,
456,NW,45.98330601,-112.54017,,X,
457,SE,45.98318599,-112.540189,,X,
457,SW,45.98318599,-112.540325,,X,
457,NE,45.98330601,-112.540189,,X,
457,NW,45.98330601,-112.540325,,X,
458,SE,45.98318599,-112.540355,,X,
458,SW,45.98318599,-112.540491,,X,
458,NE,45.98330601,-112.540355,,X,
458,NW,45.98330601,-112.540491,,X,
459,SE,45.98318599,-112.540506,,X,
459,SW,45.98318599,-112.540642,,X,
459,NE,45.98330601,-112.540506,,X,
459,NW,45.98330601,-112.540642,,X,
460,SE,45.98318599,-112.540655,,X,
460,SW,45.98318599,-112.540791,,X,
460,NE,45.98330601,-112.540655,,X,
460,NW,45.98330601,-112.540791,,X,
461,SE,45.98316599,-112.540858,,X,
461,SW,45.98316599,-112.540994,,X,
461,NE,45.98328601,-112.540858,,X,
461,NW,45.98328601,-112.540994,,X,
462,SE,45.98316599,-112.541026,,X,
462,SW,45.98316599,-112.541162,,X,
462,NE,45.98328601,-112.541026,,X,
462,NW,45.98328601,-112.541162,,X,
463,SE,45.98316599,-112.541183,,X,
463,SW,45.98316599,-112.541319,,X,
463,NE,45.98328601,-112.541183,,X,
463,NW,45.98328601,-112.541319,,X,
464,SE,45.98316599,-112.541335,,X,
464,SW,45.98316599,-112.541471,,X,
464,NE,45.98328601,-112.541335,,X,
464,NW,45.98328601,-112.541471,,X,
465,SE,45.98316599,-112.541496,,X,
465,SW,45.98316599,-112.541632,,X,
465,NE,45.98328601,-112.541496,,X,
465,NW,45.98328601,-112.541632,,X,
466,SE,45.98316599,-112.541693,,X,
466,SW,45.98316599,-112.541829,,X,
466,NE,45.98328601,-112.541693,,X,
466,NW,45.98328601,-112.541829,,X,
467,SE,45.98316599,-112.541837,,X,
467,SW,45.98316599,-112.541973,,X,
467,NE,45.98328601,-112.541837,,X,
467,NW,45.98328601,-112.541973,,X,
468,SE,45.98316599,-112.542009,,X,
468,SW,45.98316599,-112.542145,,X,
468,NE,45.98328601,-112.542009,,X,
468,NW,45.98328601,-112.542145,,X,
469,SE,45.98316599,-112.542157,,X,
469,SW,45.98316599,-112.542293,,X,
469,NE,45.98328601,-112.542157,,X,
469,NW,45.98328601,-112.542293,,X,
470,SE,45.98316599,-112.542315,,X,
470,SW,45.98316599,-112.542451,,X,
470,NE,45.98328601,-112.542315,,X,
470,NW,45.98328601,-112.542451,,X,
471,SE,45.98316599,-112.542525,,X,
471,SW,45.98316599,-112.542661,,X,
471,NE,45.98328601,-112.542525,,X,
471,NW,45.98328601,-112.542661,,X,
472,SE,45.98316599,-112.542676,,X,
472,SW,45.98316599,-112.542812,,X,
472,NE,45.98328601,-112.542676,,X,
472,NW,45.98328601,-112.542812,,X,
473,SE,45.98316599,-112.542835,,X,
473,SW,45.98316599,-112.542971,,X,
473,NE,45.98328601,-112.542835,,X,
473,NW,45.98328601,-112.542971,,X,
474,SE,45.98316599,-112.542996,,X,
474,SW,45.98316599,-112.543132,,X,
474,NE,45.98328601,-112.542996,,X,
474,NW,45.98328601,-112.543132,,X,
475,SE,45.98316599,-112.543153,,X,
475,SW,45.98316599,-112.543289,,X,
475,NE,45.98328601,-112.543153,,X,
475,NW,45.98328601,-112.543289,,X,
476,SE,45.98302599,-112.543153,,X,
476,SW,45.98302599,-112.543289,,X,
476,NE,45.98314601,-112.543153,,X,
476,NW,45.98314601,-112.543289,,X,
477,SE,45.98302599,-112.542996,,X,
477,SW,45.98302599,-112.543132,,X,
477,NE,45.98314601,-112.542996,,X,
477,NW,45.98314601,-112.543132,,X,
478,SE,45.98302599,-112.542835,,X,
478,SW,45.98302599,-112.542971,,X,
478,NE,45.98314601,-112.542835,,X,
478,NW,45.98314601,-112.542971,,X,
479,SE,45.98302599,-112.542676,,X,
479,SW,45.98302599,-112.542812,,X,
479,NE,45.98314601,-112.542676,,X,
479,NW,45.98314601,-112.542812,,X,
480,SE,45.98302599,-112.542525,,X,
480,SW,45.98302599,-112.542661,,X,
480,NE,45.98314601,-112.542525,,X,
480,NW,45.98314601,-112.542661,,X,
481,SE,45.98302599,-112.542315,,X,
481,SW,45.98302599,-112.542451,,X,
481,NE,45.98314601,-112.542315,,X,
481,NW,45.98314601,-112.542451,,X,
482,SE,45.98302599,-112.542157,,X,
482,SW,45.98302599,-112.542293,,X,
482,NE,45.98314601,-112.542157,,X,
482,NW,45.98314601,-112.542293,,X,
483,SE,45.98302599,-112.542009,,X,
483,SW,45.98302599,-112.542145,,X,
483,NE,45.98314601,-112.542009,,X,
483,NW,45.98314601,-112.542145,,X,
484,SE,45.98302599,-112.541837,,X,
484,SW,45.98302599,-112.541973,,X,
484,NE,45.98314601,-112.541837,,X,
484,NW,45.98314601,-112.541973,,X,
485,SE,45.98302599,-112.541693,,X,
485,SW,45.98302599,-112.541829,,X,
485,NE,45.98314601,-112.541693,,X,
485,NW,45.98314601,-112.541829,,X,
486,SE,45.98302599,-112.541496,,X,
486,SW,45.98302599,-112.541632,,X,
486,NE,45.98314601,-112.541496,,X,
486,NW,45.98314601,-112.541632,,X,
487,SE,45.98302599,-112.541335,,X,
487,SW,45.98302599,-112.541471,,X,
487,NE,45.98314601,-112.541335,,X,
487,NW,45.98314601,-112.541471,,X,
488,SE,45.98302599,-112.541183,,X,
488,SW,45.98302599,-112.541319,,X,
488,NE,45.98314601,-112.541183,,X,
488,NW,45.98314601,-112.541319,,X,
489,SE,45.98302599,-112.541026,,X,
489,SW,45.98302599,-112.541162,,X,
489,NE,45.98314601,-112.541026,,X,
489,NW,45.98314601,-112.541162,,X,
490,SE,45.98302599,-112.540858,,X,
490,SW,45.98302599,-112.540994,,X,
490,NE,45.98314601,-112.540858,,X,
490,NW,45.98314601,-112.540994,,X,
491,SE,45.98304999,-112.540655,,X,
491,SW,45.98304999,-112.540791,,X,
491,NE,45.98317001,-112.540655,,X,
491,NW,45.98317001,-112.540791,,X,
492,SE,45.98304999,-112.540506,,,
492,SW,45.98304999,-112.540642,,,
492,NE,45.98317001,-112.540506,,,
492,NW,45.98317001,-112.540642,,,
493,SE,45.983094,-112.540353,,,
493,SW,45.983096,-112.540491,,,
493,NE,45.98317001,-112.540355,,,
493,NW,45.98317001,-112.540491,,,
494,SE,45.983098,-112.540189,,,"out of place, corrected it"
494,SW, 45.983097,-112.540324,,,"out of place, corrected it"
494,NE,45.98317001,-112.540189,,x,
494,NW,45.98317001,-112.540325,,x,
495,SE,45.98304999,-112.540034,,x,
495,SW,45.98304999,-112.54017,,x,
495,NE,45.98317001,-112.540034,,x,
495,NW,45.98317001,-112.54017,,x,
496,SE,45.98302599,-112.53984,,x,
496,SW,45.98302599,-112.539976,,x,
496,NE,45.98314601,-112.53984,,x,
496,NW,45.983147,-112.539971,,,"out of place, corrected it"
497,SE,45.98302599,-112.539682,,X,
497,SW,45.98302599,-112.539818,,X,
497,NE,45.98314601,-112.539682,,X,
497,NW,45.98314601,-112.539818,,X,
498,SE,45.983049,-112.539524,,X,
498,SW,45.98302599,-112.53966,,X,
498,NE,45.98314601,-112.539524,,X,
498,NW,45.98314601,-112.53966,,X,
499,SE,45.983066,-112.539368,,X,
499,SW,45.983052,-112.539502,,X,
499,NE,45.98314601,-112.539368,,X,
499,NW,45.98314601,-112.539504,,X,
500,SE,45.983096,-112.539208,,X,
500,SW,45.983072,-112.539344,,X,
500,NE,45.98314601,-112.539208,,X,
500,NW,45.98314601,-112.539344,,X,
501,SE,45.98297199,-112.540189,,X,
501,SW,45.98297199,-112.540325,,X,
501,NE,45.98309201,-112.540189,,X,
501,NW,45.983084,-112.540326,,,
502,SE,45.98296399,-112.540355,,X,
502,SW,45.982927,-112.540484,,X,
502,NE,45.98308401,-112.540355,,X,
502,NW,45.98308401,-112.540491,,X,
503,SE,45.982918,-112.540506,,X,
503,SW,45.982913,-112.540642,,X,
503,NE,45.983036,-112.540512,,,
503,NW,45.983026,-112.540643,,,
504,SE,45.982915,-112.540655,,X,
504,SW,45.982915,-112.540791,,X,
504,NE,45.98300801,-112.540655,,X,
504,NW,45.98300801,-112.540791,,X,
505,SE,45.98288799,-112.540858,,X,
505,SW,45.98288799,-112.540994,,X,
505,NE,45.98300801,-112.540858,,X,
505,NW,45.98300801,-112.540994,,X,
506,SE,45.98288799,-112.541026,,X,
506,SW,45.98288799,-112.541162,,X,
506,NE,45.98300801,-112.541026,,X,
506,NW,45.98300801,-112.541162,,X,
507,SE,45.98288799,-112.541183,,X,
507,SW,45.98288799,-112.541319,,X,
507,NE,45.98300801,-112.541183,,X,
507,NW,45.98300801,-112.541319,,X,
508,SE,45.98288799,-112.541335,,X,
508,SW,45.98288799,-112.541471,,X,
508,NE,45.98300801,-112.541335,,X,
508,NW,45.98300801,-112.541471,,X,
509,SE,45.98288799,-112.541496,,X,
509,SW,45.98288799,-112.541632,,X,
509,NE,45.98300801,-112.541496,,X,
509,NW,45.98300801,-112.541632,,X,
510,SE,45.98288799,-112.541693,,X,
510,SW,45.98288799,-112.541829,,X,
510,NE,45.98300801,-112.541693,,X,
510,NW,45.98300801,-112.541829,,X,
511,SE,45.98288799,-112.541837,,X,
511,SW,45.98288799,-112.541973,,X,
511,NE,45.98300801,-112.541837,,X,
511,NW,45.98300801,-112.541973,,X,
512,SE,45.98288799,-112.542009,,X,
512,SW,45.98288799,-112.542145,,X,
512,NE,45.98300801,-112.542009,,X,
512,NW,45.98300801,-112.542145,,X,
513,SE,45.98288799,-112.542157,,X,
513,SW,45.98288799,-112.542293,,X,
513,NE,45.98300801,-112.542157,,X,
513,NW,45.98300801,-112.542293,,X,
514,SE,45.98288799,-112.542315,,X,
514,SW,45.98288799,-112.542451,,X,
514,NE,45.98300801,-112.542315,,X,
514,NW,45.98300801,-112.542451,,X,
515,SE,45.98288799,-112.542525,,X,
515,SW,45.98288799,-112.542661,,X,
515,NE,45.98300801,-112.542525,,X,
515,NW,45.98300801,-112.542661,,X,
516,SE,45.98288799,-112.542676,,X,
516,SW,45.98288799,-112.542812,,X,
516,NE,45.98300801,-112.542676,,X,
516,NW,45.98300801,-112.542812,,X,
517,SE,45.98288799,-112.542835,,X,
517,SW,45.98288799,-112.542971,,X,
517,NE,45.98300801,-112.542835,,X,
517,NW,45.98300801,-112.542971,,X,
518,SE,45.98288799,-112.542996,,X,
518,SW,45.98288799,-112.543132,,X,
518,NE,45.98300801,-112.542996,,X,
518,NW,45.98300801,-112.543132,,X,
519,SE,45.98288799,-112.543153,,X,
519,SW,45.98288799,-112.543289,,X,
519,NE,45.98300801,-112.543153,,X,
519,NW,45.98300801,-112.543289,,X,
520,SE,45.98275299,-112.543153,,X,
520,SW,45.98275299,-112.543289,,X,
520,NE,45.98287301,-112.543153,,X,
520,NW,45.98287301,-112.543289,,X,
521,SE,45.98275299,-112.542996,,X,
521,SW,45.98275299,-112.543132,,X,
521,NE,45.98287301,-112.542996,,X,
521,NW,45.98287301,-112.543132,,X,
522,SE,45.98275299,-112.542835,,X,
522,SW,45.98275299,-112.542971,,X,
522,NE,45.98287301,-112.542835,,X,
522,NW,45.98287301,-112.542971,,X,
523,SE,45.98275299,-112.542676,,X,
523,SW,45.98275299,-112.542812,,X,
523,NE,45.98287301,-112.542676,,X,
523,NW,45.98287301,-112.542812,,X,
524,SE,45.98275299,-112.542525,,X,
524,SW,45.98275299,-112.542661,,X,
524,NE,45.98287301,-112.542525,,X,
524,NW,45.98287301,-112.542661,,X,
525,SE,45.98275299,-112.542315,,X,
525,SW,45.98275299,-112.542451,,X,
525,NE,45.98287301,-112.542315,,X,
525,NW,45.98287301,-112.542451,,X,
526,SE,45.98275299,-112.542157,,X,
526,SW,45.98275299,-112.542293,,X,
526,NE,45.98287301,-112.542157,,X,
526,NW,45.98287301,-112.542293,,X,
527,SE,45.98275299,-112.542009,,X,
527,SW,45.98275299,-112.542145,,X,
527,NE,45.98287301,-112.542009,,X,
527,NW,45.98287301,-112.542145,,X,
528,SE,45.98275299,-112.541837,,X,
528,SW,45.98275299,-112.541973,,X,
528,NE,45.98287301,-112.541837,,X,
528,NW,45.98287301,-112.541973,,X,
529,SE,45.98275299,-112.541693,,X,
529,SW,45.98275299,-112.541829,,X,
529,NE,45.98287301,-112.541693,,X,
529,NW,45.98287301,-112.541829,,X,
530,SE,45.982776,-112.541492,,,
530,SW,45.982786,-112.541636,,,
530,NE,45.98287001,-112.541496,,X,
530,NW,45.98287001,-112.541632,,X,
531,SE,45.982787,-112.541335,,X,
531,SW,45.98275299,-112.541471,,X,
531,NE,45.98287301,-112.541335,,X,
531,NW,45.98287301,-112.541471,,X,
532,SE,45.98282399,-112.54117,,X,
532,SW,45.982791,-112.541304,,,
532,NE,45.982867,-112.54117,,,
532,NW,45.982871,-112.541306,,,
533,SE,45.982721,-112.541493,,,Adjusted
533,SW,45.982708,-112.541625,,,Adjusted
533,NE,45.982763,-112.541494,,,Adjusted
533,NW,45.982767,-112.541626,,,Adjusted
534,SE,45.982646,-112.541693,,X,
534,SW,45.982617,-112.541829,,X,
534,NE,45.98271801,-112.541693,,X,
534,NW,45.98271801,-112.541829,,X,
535,SE,45.982616,-112.54184,,X,
535,SW,45.98259799,-112.541973,,X,
535,NE,45.98271801,-112.541837,,X,
535,NW,45.98271801,-112.541973,,X,
536,SE,45.98259799,-112.542009,,X,
536,SW,45.98259799,-112.542145,,X,
536,NE,45.98271801,-112.542009,,X,
536,NW,45.98271801,-112.542145,,X,
537,SE,45.98259799,-112.542157,,X,
537,SW,45.98259799,-112.542293,,X,
537,NE,45.98271801,-112.542157,,X,
537,NW,45.98271801,-112.542293,,X,
538,SE,45.98259799,-112.542315,,X,
538,SW,45.98259799,-112.542451,,X,
538,NE,45.98271801,-112.542315,,X,
538,NW,45.98271801,-112.542451,,X,
539,SE,45.98259799,-112.542525,,X,
539,SW,45.98259799,-112.542661,,X,
539,NE,45.98271801,-112.542525,,X,
539,NW,45.98271801,-112.542661,,X,
540,SE,45.98259799,-112.542676,,X,
540,SW,45.98259799,-112.542812,,X,
540,NE,45.98271801,-112.542676,,X,
540,NW,45.98271801,-112.542812,,X,
541,SE,45.98259799,-112.542835,,X,
541,SW,45.98259799,-112.542971,,X,
541,NE,45.98271801,-112.542835,,X,
541,NW,45.98271801,-112.542971,,X,
542,SE,45.98259799,-112.542996,,X,
542,SW,45.98259799,-112.543132,,X,
542,NE,45.98271801,-112.542996,,X,
542,NW,45.98271801,-112.543132,,X,
543,SE,45.98259799,-112.543153,,X,
543,SW,45.98259799,-112.543289,,X,
543,NE,45.98271801,-112.543153,,X,
543,NW,45.98271801,-112.543289,,X,
544,SE,45.982462,-112.543154,,X,
544,SW,45.982461,-112.54329,,X,
544,NE,45.98257201,-112.543153,,X,
544,NW,45.98257201,-112.543289,,X,
545,SE,45.982464,-112.542996,,,
545,SW,45.982464,-112.54313,,,
545,NE,45.98257201,-112.542996,,X,
545,NW,45.98257201,-112.543132,,X,
546,SE,45.982462,-112.542835,,,
546,SW,45.982462,-112.54297,,,
546,NE,45.98257201,-112.542835,,X,
546,NW,45.98257201,-112.542971,,X,
547,SE,45.982463,-112.542674,,,
547,SW,45.982462,-112.542811,,,
547,NE,45.98257201,-112.542676,,X,
547,NW,45.98257201,-112.542812,,X,
548,SE,45.982465,-112.542524,,,
548,SW,45.982463,-112.542661,,,
548,NE,45.98257201,-112.542525,,X,
548,NW,45.98257201,-112.542661,,X,
549,SE,45.982463,-112.542315,,X,
549,SW,45.98245199,-112.542451,,X,
549,NE,45.98257201,-112.542315,,X,
549,NW,45.98257201,-112.542451,,X,
550,SE,45.982498,-112.54216,,,
550,SW,45.98245199,-112.542293,,X,
550,NE,45.98257201,-112.542157,,X,
550,NW,45.98257201,-112.542293,,X,
551,SE,45.982542,-112.542009,,X,
551,SW,45.982501,-112.542145,,X,
551,NE,45.98257201,-112.542009,,X,
551,NW,45.98257201,-112.542145,,X,
552,SE,45.982419,-112.542315,,X,
552,SW,45.982406,-112.542431,,,
552,NE,45.982456,-112.542317,,,
552,NW,45.982452,-112.54245,,,
553,SE,45.982427,-112.542512,,,
553,SW,45.98234199,-112.542661,,x,
553,NE,45.98246201,-112.542525,,x,
553,NW,45.982453,-112.54266,,,
554,SE,45.982398,-112.542667,,,
554,SW,45.98234199,-112.542812,,X,
554,NE,45.982452,-112.542676,,,
554,NW,45.98246201,-112.542812,,X,
555,SE,45.98235,-112.542845,,X,
555,SW,45.98234199,-112.542971,,X,
555,NE,45.982448,-112.542835,,,
555,NW,45.982451,-112.542971,,,
556,SE,45.98234199,-112.542996,,X,
556,SW,45.98234199,-112.543132,,X,
556,NE,45.982451,-112.542996,,,
556,NW,45.982452,-112.543132,,,
557,SE,45.98234199,-112.543153,,X,
557,SW,45.98234199,-112.543289,,X,
557,NE,45.982451,-112.543152,,,
557,NW,45.982451,-112.543291,,,
558,SE,45.98226399,-112.543153,,X,
558,SW,45.982279,-112.543269,,,
558,NE,45.982327,-112.543153,,X,
558,NW,45.982327,-112.543289,,X,
559,SE,45.98226399,-112.542996,,X,
559,SW,45.98226399,-112.543132,,X,
559,NE,45.982327,-112.542996,,X,
559,NW,45.982327,-112.543132,,X,
560,SE,45.98226399,-112.542835,,X,
560,SW,45.98226399,-112.542971,,X,
560,NE,45.982327,-112.542835,,X,
560,NW,45.982327,-112.542971,,X,
561,SE,45.982333,-112.542658,,,
561,SW,45.98228499,-112.542797,,,
561,NE,45.982386,-112.542664,,,
561,NW,45.982405,-112.542804,,,
562,SE,45.982381,-112.542504,,,
562,SW,45.982334,-112.54264,,,
562,NE,45.982422,-112.542511,,,
562,NW,45.98239,-112.542655,,,
0,SE,45.98415499,-112.539689,,X,
0,SW,45.98415499,-112.539825,,X,
0,NE,45.98427501,-112.539689,,X,
0,NW,45.984214,-112.539825,,X,
