block,SE,SE,SW,SW,NE,NE,NW,NW
1,45.98472999,-112.540655,45.98472999,-112.540791,45.98485001,-112.540655,45.98485001,-112.540791
2,45.98459399,-112.540655,45.98459399,-112.540791,45.98471401,-112.540655,45.98471401,-112.540791
3,45.98445399,-112.540655,45.98445399,-112.540791,45.98457401,-112.540655,45.98457401,-112.540791
4,45.98431899,-112.540655,45.98431899,-112.540791,45.98443901,-112.540655,45.98443901,-112.540791
5,45.98415199,-112.540655,45.98415199,-112.540791,45.98427201,-112.540655,45.98427201,-112.540791
6,45.98401899,-112.540655,45.98401899,-112.540791,45.98413901,-112.540655,45.98413901,-112.540791
7,45.98387699,-112.540655,45.98387699,-112.540791,45.98399701,-112.540655,45.98399701,-112.540791
8,45.98373999,-112.540655,45.98373999,-112.540791,45.98386001,-112.540655,45.98386001,-112.540791
9,45.98373999,-112.540506,45.98373999,-112.540642,45.98386001,-112.540506,45.98386001,-112.540642
10,45.98387699,-112.540506,45.98387699,-112.540642,45.98399701,-112.540506,45.98399701,-112.540642
11,45.98401899,-112.540506,45.98401899,-112.540642,45.98413901,-112.540506,45.98413901,-112.540642
12,45.98415199,-112.540506,45.98415199,-112.540642,45.98427201,-112.540506,45.98427201,-112.540642
13,45.98431899,-112.540506,45.98431899,-112.540642,45.98443901,-112.540506,45.98443901,-112.540642
14,45.98445399,-112.540506,45.98445399,-112.540642,45.98457401,-112.540506,45.98457401,-112.540642
15,45.98459399,-112.540506,45.98459399,-112.540642,45.98471401,-112.540506,45.98471401,-112.540642
16,45.98472999,-112.540506,45.98472999,-112.540642,45.98485001,-112.540506,45.98485001,-112.540642
17,45.98472999,-112.540355,45.98472999,-112.540491,45.98485001,-112.540355,45.98485001,-112.540491
18,45.98459399,-112.540355,45.98459399,-112.540491,45.98471401,-112.540355,45.98471401,-112.540491
19,45.98445399,-112.540355,45.98445399,-112.540491,45.98457401,-112.540355,45.98457401,-112.540491
20,45.98431899,-112.540355,45.98431899,-112.540491,45.98443901,-112.540355,45.98443901,-112.540491
21,45.98415199,-112.540355,45.98415199,-112.540491,45.98427201,-112.540355,45.98427201,-112.540491
22,45.98401899,-112.540355,45.98401899,-112.540491,45.98413901,-112.540355,45.98413901,-112.540491
23,45.98387699,-112.540355,45.98387699,-112.540491,45.98399701,-112.540355,45.98399701,-112.540491
24,45.98373999,-112.540355,45.98373999,-112.540491,45.98386001,-112.540355,45.98386001,-112.540491
25,45.98373999,-112.540189,45.98373999,-112.540325,45.98386001,-112.540189,45.98386001,-112.540325
26,45.98387699,-112.540189,45.98387699,-112.540325,45.98399701,-112.540189,45.98399701,-112.540325
27,45.98401899,-112.540189,45.98401899,-112.540325,45.98413901,-112.540189,45.98413901,-112.540325
28,45.98445399,-112.540189,45.98445399,-112.540325,45.98457401,-112.540189,45.98457401,-112.540325
29,45.98459399,-112.540189,45.98459399,-112.540325,45.98471401,-112.540189,45.98471401,-112.540325
30,45.98472999,-112.540189,45.98472999,-112.540325,45.98485001,-112.540189,45.98485001,-112.540325
31,45.98472999,-112.540034,45.98472999,-112.54017,45.98485001,-112.540034,45.98485001,-112.54017
32,45.98459399,-112.540034,45.98459399,-112.54017,45.98471401,-112.540034,45.98471401,-112.54017
33,45.98445399,-112.540034,45.98445399,-112.54017,45.98457401,-112.540034,45.98457401,-112.54017
34,45.98401899,-112.540034,45.98401899,-112.54017,45.98413901,-112.540034,45.98413901,-112.54017
35,45.98387699,-112.540034,45.98387699,-112.54017,45.98399701,-112.540034,45.98399701,-112.54017
36,45.98373999,-112.540034,45.98373999,-112.54017,45.98386001,-112.540034,45.98386001,-112.54017
37,45.98373999,-112.53984,45.98373999,-112.539976,45.98386001,-112.53984,45.98386001,-112.539976
38,45.98387699,-112.53984,45.98387699,-112.539976,45.98399701,-112.53984,45.98399701,-112.539976
39,45.98401899,-112.53984,45.98401899,-112.539976,45.98413901,-112.53984,45.98413901,-112.539976
40,45.98445399,-112.53984,45.98445399,-112.539976,45.98457401,-112.53984,45.98457401,-112.539976
41,45.98459399,-112.53984,45.98459399,-112.539976,45.98471401,-112.53984,45.98471401,-112.539976
42,45.98472999,-112.53984,45.98472999,-112.539976,45.98485001,-112.53984,45.98485001,-112.539976
43,45.98472999,-112.539682,45.98472999,-112.539818,45.98485001,-112.539682,45.98485001,-112.539818
44,45.98459399,-112.539682,45.98459399,-112.539818,45.98471401,-112.539682,45.98471401,-112.539818
45,45.98445399,-112.539682,45.98445399,-112.539818,45.98457401,-112.539682,45.98457401,-112.539818
46,45.98401899,-112.539682,45.98401899,-112.539818,45.98413901,-112.539682,45.98413901,-112.539818
47,45.98387699,-112.539682,45.98387699,-112.539818,45.98399701,-112.539682,45.98399701,-112.539818
48,45.98373999,-112.539682,45.98373999,-112.539818,45.98386001,-112.539682,45.98386001,-112.539818
49,45.98373999,-112.539524,45.98373999,-112.53966,45.98386001,-112.539524,45.98386001,-112.53966
50,45.98387699,-112.539524,45.98387699,-112.53966,45.98399701,-112.539524,45.98399701,-112.53966
51,45.98401899,-112.539524,45.98401899,-112.53966,45.98413901,-112.539524,45.98413901,-112.53966
52,45.98415199,-112.539524,45.98415199,-112.53966,45.98427201,-112.539524,45.98427201,-112.53966
53,45.98431899,-112.539524,45.98431899,-112.53966,45.98443901,-112.539524,45.98443901,-112.53966
54,45.98445399,-112.539524,45.98445399,-112.53966,45.98457401,-112.539524,45.98457401,-112.53966
55,45.98459399,-112.539524,45.98459399,-112.53966,45.98471401,-112.539524,45.98471401,-112.53966
56,45.98472999,-112.539524,45.98472999,-112.53966,45.98485001,-112.539524,45.98485001,-112.53966
57,45.98472999,-112.539368,45.98472999,-112.539504,45.98485001,-112.539368,45.98485001,-112.539504
58,45.98459399,-112.539368,45.98459399,-112.539504,45.98471401,-112.539368,45.98471401,-112.539504
59,45.98445399,-112.539368,45.98445399,-112.539504,45.98457401,-112.539368,45.98457401,-112.539504
60,45.98431899,-112.539368,45.98431899,-112.539504,45.98443901,-112.539368,45.98443901,-112.539504
61,45.98415199,-112.539368,45.98415199,-112.539504,45.98427201,-112.539368,45.98427201,-112.539504
62,45.98401899,-112.539368,45.98401899,-112.539504,45.98413901,-112.539368,45.98413901,-112.539504
63,45.98387699,-112.539368,45.98387699,-112.539504,45.98399701,-112.539368,45.98399701,-112.539504
64,45.98373999,-112.539368,45.98373999,-112.539504,45.98386001,-112.539368,45.98386001,-112.539504
65,45.98373999,-112.539208,45.98373999,-112.539344,45.98386001,-112.539208,45.98386001,-112.539344
66,45.98387699,-112.539208,45.98387699,-112.539344,45.98399701,-112.539208,45.98399701,-112.539344
67,45.98401899,-112.539208,45.98401899,-112.539344,45.98413901,-112.539208,45.98413901,-112.539344
68,45.98415199,-112.539208,45.98415199,-112.539344,45.98427201,-112.539208,45.98427201,-112.539344
69,45.984317,-112.539224,45.98431899,-112.539344,45.98443901,-112.539208,45.98443901,-112.539344
70,45.98445399,-112.539208,45.98445399,-112.539344,45.98457401,-112.539208,45.98457401,-112.539344
71,45.98459399,-112.539208,45.98459399,-112.539344,45.98471401,-112.539208,45.98471401,-112.539344
72,45.98472999,-112.539208,45.98472999,-112.539344,45.98485001,-112.539208,45.98485001,-112.539344
73,45.98360399,-112.540655,45.98360399,-112.540791,45.98372401,-112.540655,45.98372401,-112.540791
74,45.98360399,-112.540506,45.98360399,-112.540642,45.98372401,-112.540506,45.98372401,-112.540642
75,45.98360399,-112.540355,45.98360399,-112.540491,45.98372401,-112.540355,45.98372401,-112.540491
76,45.98360399,-112.540189,45.98360399,-112.540325,45.98372401,-112.540189,45.98372401,-112.540325
77,45.98360399,-112.540034,45.98360399,-112.54017,45.98372401,-112.540034,45.98372401,-112.54017
78,45.98360399,-112.53984,45.98360399,-112.539976,45.98372401,-112.53984,45.98372401,-112.539976
79,45.98360399,-112.539682,45.98360399,-112.539818,45.98372401,-112.539682,45.98372401,-112.539818
80,45.98360399,-112.539524,45.98360399,-112.53966,45.98372401,-112.539524,45.98372401,-112.53966
81,45.98360399,-112.539368,45.98360399,-112.539504,45.98372401,-112.539368,45.98372401,-112.539504
82,45.98360399,-112.539208,45.98360399,-112.539344,45.98372401,-112.539208,45.98372401,-112.539344
83,45.98346599,-112.540655,45.98346599,-112.540791,45.98358601,-112.540655,45.98358601,-112.540791
84,45.98346599,-112.540506,45.98346599,-112.540642,45.98358601,-112.540506,45.98358601,-112.540642
85,45.98346599,-112.540355,45.98346599,-112.540491,45.98358601,-112.540355,45.98358601,-112.540491
86,45.98346599,-112.540189,45.98346599,-112.540325,45.98358601,-112.540189,45.98358601,-112.540325
87,45.98346599,-112.540034,45.98346599,-112.54017,45.98358601,-112.540034,45.98358601,-112.54017
88,45.98346599,-112.53984,45.98346599,-112.539976,45.98358601,-112.53984,45.98358601,-112.539976
89,45.98346599,-112.539682,45.98346599,-112.539818,45.98358601,-112.539682,45.98358601,-112.539818
90,45.98346599,-112.539524,45.98346599,-112.53966,45.98358601,-112.539524,45.98358601,-112.53966
91,45.98346599,-112.539368,45.98346599,-112.539504,45.98358601,-112.539368,45.98358601,-112.539504
92,45.98346599,-112.539208,45.98346599,-112.539344,45.98358601,-112.539208,45.98358601,-112.539344
93,0,0,0,0,0,0,0,0
94,0,0,0,0,0,0,0,0
95,0,0,0,0,0,0,0,0
96,0,0,0,0,0,0,0,0
97,0,0,0,0,0,0,0,0
98,0,0,0,0,0,0,0,0
99,0,0,0,0,0,0,0,0
100,0,0,0,0,0,0,0,0
101,45.98486399,-112.540655,45.98486399,-112.540791,45.98498401,-112.540655,45.98498401,-112.540791
102,45.98486399,-112.540506,45.98486399,-112.540642,45.98498401,-112.540506,45.98498401,-112.540642
103,45.98486399,-112.540355,45.98486399,-112.540491,45.98498401,-112.540355,45.98498401,-112.540491
104,45.98486399,-112.540189,45.98486399,-112.540325,45.98498401,-112.540189,45.98498401,-112.540325
105,45.98486399,-112.540034,45.98486399,-112.54017,45.98498401,-112.540034,45.98498401,-112.54017
106,45.98486399,-112.53984,45.98486399,-112.539976,45.98498401,-112.53984,45.98498401,-112.539976
107,45.98486399,-112.539682,45.98486399,-112.539818,45.98498401,-112.539682,45.98498401,-112.539818
108,45.98486399,-112.539524,45.98486399,-112.53966,45.98498401,-112.539524,45.98498401,-112.53966
109,45.98486399,-112.539368,45.98486399,-112.539504,45.98498401,-112.539368,45.98498401,-112.539504
110,45.98486399,-112.539208,45.98486399,-112.539344,45.98498401,-112.539208,45.98498401,-112.539344
111,45.98501099,-112.540655,45.98501099,-112.540791,45.98513101,-112.540655,45.98513101,-112.540791
112,45.98501099,-112.540506,45.98501099,-112.540642,45.98513101,-112.540506,45.98513101,-112.540642
113,45.98501099,-112.540355,45.98501099,-112.540491,45.98513101,-112.540355,45.98513101,-112.540491
114,45.98501099,-112.540189,45.98501099,-112.540325,45.98513101,-112.540189,45.98513101,-112.540325
115,45.98501099,-112.540034,45.98501099,-112.54017,45.98513101,-112.540034,45.98513101,-112.54017
116,45.98501099,-112.53984,45.98501099,-112.539976,45.98513101,-112.53984,45.98513101,-112.539976
117,45.98501099,-112.539682,45.98501099,-112.539818,45.98513101,-112.539682,45.98513101,-112.539818
118,45.98501099,-112.539524,45.98501099,-112.53966,45.98513101,-112.539524,45.98513101,-112.53966
119,45.98501099,-112.539368,45.98501099,-112.539504,45.98513101,-112.539368,45.98513101,-112.539504
120,45.98501099,-112.539208,45.98501099,-112.539344,45.98513101,-112.539208,45.98513101,-112.539344
121,45.98514799,-112.540655,45.98514799,-112.540791,45.98526801,-112.540655,45.98526801,-112.540791
122,45.98514799,-112.540506,45.98514799,-112.540642,45.98526801,-112.540506,45.98526801,-112.540642
123,45.98514799,-112.540355,45.98514799,-112.540491,45.98526801,-112.540355,45.98526801,-112.540491
124,45.98514799,-112.540189,45.98514799,-112.540325,45.98526801,-112.540189,45.98526801,-112.540325
125,45.98514799,-112.540034,45.98514799,-112.54017,45.98526801,-112.540034,45.98526801,-112.54017
126,45.98514799,-112.53984,45.98514799,-112.539976,45.98526801,-112.53984,45.98526801,-112.539976
127,45.98514799,-112.539682,45.98514799,-112.539818,45.98526801,-112.539682,45.98526801,-112.539818
128,45.98514799,-112.539524,45.98514799,-112.53966,45.98526801,-112.539524,45.98526801,-112.53966
129,45.98514799,-112.539368,45.98514799,-112.539504,45.98526801,-112.539368,45.98526801,-112.539504
130,45.98514799,-112.539208,45.98514799,-112.539344,45.98526801,-112.539208,45.98526801,-112.539344
131,45.98527999,-112.540655,45.98527999,-112.540791,45.98540001,-112.540655,45.98540001,-112.540791
132,45.98527999,-112.540506,45.98527999,-112.540642,45.98540001,-112.540506,45.98540001,-112.540642
133,45.98527999,-112.540355,45.98527999,-112.540491,45.98540001,-112.540355,45.98540001,-112.540491
134,45.98527999,-112.540189,45.98527999,-112.540325,45.98540001,-112.540189,45.98540001,-112.540325
135,45.98527999,-112.540034,45.98527999,-112.54017,45.98540001,-112.540034,45.98540001,-112.54017
136,45.98527999,-112.53984,45.98527999,-112.539976,45.98540001,-112.53984,45.98540001,-112.539976
137,45.98527999,-112.539682,45.98527999,-112.539818,45.98540001,-112.539682,45.98540001,-112.539818
138,45.98527999,-112.539524,45.98527999,-112.53966,45.98540001,-112.539524,45.98540001,-112.53966
139,45.98527999,-112.539368,45.98527999,-112.539504,45.98540001,-112.539368,45.98540001,-112.539504
140,45.98527999,-112.539208,45.98527999,-112.539344,45.98540001,-112.539208,45.98540001,-112.539344
141,45.98542199,-112.540655,45.98542199,-112.540791,45.98554201,-112.540655,45.98554201,-112.540791
142,45.98542199,-112.540506,45.98542199,-112.540642,45.98554201,-112.540506,45.98554201,-112.540642
143,45.98542199,-112.540355,45.98542199,-112.540491,45.98554201,-112.540355,45.98554201,-112.540491
144,45.98542199,-112.540189,45.98542199,-112.540325,45.98554201,-112.540189,45.98554201,-112.540325
145,45.98542199,-112.540034,45.98542199,-112.54017,45.98554201,-112.540034,45.98554201,-112.54017
146,45.98542199,-112.53984,45.98542199,-112.539976,45.98554201,-112.53984,45.98554201,-112.539976
147,45.98542199,-112.539682,45.98542199,-112.539818,45.98554201,-112.539682,45.98554201,-112.539818
148,45.98542199,-112.539524,45.98542199,-112.53966,45.98554201,-112.539524,45.98554201,-112.53966
149,45.98542199,-112.539368,45.98542199,-112.539504,45.98554201,-112.539368,45.98554201,-112.539504
150,45.98542199,-112.539208,45.98542199,-112.539344,45.98554201,-112.539208,45.98554201,-112.539344
151,45.98555099,-112.540655,45.98555099,-112.540791,45.98567101,-112.540655,45.98567101,-112.540791
152,45.98555099,-112.540506,45.98555099,-112.540642,45.98567101,-112.540506,45.98567101,-112.540642
153,45.98555099,-112.540355,45.98555099,-112.540491,45.98567101,-112.540355,45.98567101,-112.540491
154,45.98555099,-112.540189,45.98555099,-112.540325,45.98567101,-112.540189,45.98567101,-112.540325
155,45.98555099,-112.540034,45.98555099,-112.54017,45.98567101,-112.540034,45.98567101,-112.54017
156,45.98555099,-112.53984,45.98555099,-112.539976,45.98567101,-112.53984,45.985665,-112.539972
157,45.98555099,-112.539682,45.98555099,-112.539818,45.98567101,-112.539682,45.98567101,-112.539818
158,45.98555099,-112.539524,45.98555099,-112.53966,45.98567101,-112.539524,45.98567101,-112.53966
159,45.98555099,-112.539368,45.98555099,-112.539504,45.98567101,-112.539368,45.98567101,-112.539504
160,45.98555099,-112.539208,45.98555099,-112.539344,45.98567101,-112.539208,45.98567101,-112.539344
161,45.98555099,-112.540858,45.98555099,-112.540994,45.98567101,-112.540858,45.98567101,-112.540994
162,45.98542199,-112.540858,45.98542199,-112.540994,45.98554201,-112.540858,45.98554201,-112.540994
163,45.98527999,-112.540858,45.98527999,-112.540994,45.98540001,-112.540858,45.98540001,-112.540994
164,45.98514799,-112.540858,45.98514799,-112.540994,45.98526801,-112.540858,45.98526801,-112.540994
165,45.98501099,-112.540858,45.98501099,-112.540994,45.98513101,-112.540858,45.98513101,-112.540994
166,45.98486399,-112.540858,45.98486399,-112.540994,45.98498401,-112.540858,45.98498401,-112.540994
167,45.98472999,-112.540858,45.98472999,-112.540994,45.98485001,-112.540858,45.98485001,-112.540994
168,45.98459399,-112.540858,45.98459399,-112.540994,45.98471401,-112.540858,45.98471401,-112.540994
169,45.98445399,-112.540858,45.98445399,-112.540994,45.98457401,-112.540858,45.98457401,-112.540994
170,45.98431899,-112.540858,45.98431899,-112.540994,45.98443901,-112.540858,45.98443901,-112.540994
171,45.98415199,-112.540858,45.98415199,-112.540994,45.98427201,-112.540858,45.98427201,-112.540994
172,45.98401899,-112.540858,45.98401899,-112.540994,45.98413901,-112.540858,45.98413901,-112.540994
173,45.98387699,-112.540858,45.98387699,-112.540994,45.98399701,-112.540858,45.98399701,-112.540994
174,45.98373999,-112.540858,45.98373999,-112.540994,45.98386001,-112.540858,45.98386001,-112.540994
175,45.98360399,-112.540858,45.98360399,-112.540994,45.98372401,-112.540858,45.98372401,-112.540994
176,45.98346599,-112.540858,45.98346599,-112.540994,45.98358601,-112.540858,45.98358601,-112.540994
177,45.98346599,-112.541026,45.98346599,-112.541162,45.98358601,-112.541026,45.98358601,-112.541162
178,45.98360399,-112.541026,45.98360399,-112.541162,45.98372401,-112.541026,45.98372401,-112.541162
179,45.98373999,-112.541026,45.98373999,-112.541162,45.98386001,-112.541026,45.98386001,-112.541162
180,45.98387699,-112.541026,45.98387699,-112.541162,45.98399701,-112.541026,45.98399701,-112.541162
181,45.98401899,-112.541026,45.98401899,-112.541162,45.98413901,-112.541026,45.98413901,-112.541162
182,45.98415199,-112.541026,45.98415199,-112.541162,45.98427201,-112.541026,45.98427201,-112.541162
183,45.98431899,-112.541026,45.98431899,-112.541162,45.98443901,-112.541026,45.98443901,-112.541162
184,45.98445399,-112.541026,45.98445399,-112.541162,45.98457401,-112.541026,45.98457401,-112.541162
185,45.98459399,-112.541026,45.98459399,-112.541162,45.98471401,-112.541026,45.98471401,-112.541162
186,45.98472999,-112.541026,45.98472999,-112.541162,45.98485001,-112.541026,45.98485001,-112.541162
187,45.98486399,-112.541026,45.98486399,-112.541162,45.98498401,-112.541026,45.98498401,-112.541162
188,45.98501099,-112.541026,45.98501099,-112.541162,45.98513101,-112.541026,45.98513101,-112.541162
189,45.98514799,-112.541026,45.98514799,-112.541162,45.98526801,-112.541026,45.98526801,-112.541162
190,45.98527999,-112.541026,45.98527999,-112.541162,45.98540001,-112.541026,45.98540001,-112.541162
191,45.98542199,-112.541026,45.98542199,-112.541162,45.98554201,-112.541026,45.98554201,-112.541162
192,45.98555099,-112.541026,45.98555099,-112.541162,45.98567101,-112.541026,45.98567101,-112.541162
193,45.98555099,-112.541183,45.98555099,-112.541319,45.98567101,-112.541183,45.98567101,-112.541319
194,45.98542199,-112.541183,45.98542199,-112.541319,45.98554201,-112.541183,45.98554201,-112.541319
195,45.98527999,-112.541183,45.98527999,-112.541319,45.98540001,-112.541183,45.98540001,-112.541319
196,45.98514799,-112.541183,45.98514799,-112.541319,45.98526801,-112.541183,45.98526801,-112.541319
197,45.98501099,-112.541183,45.98501099,-112.541319,45.98513101,-112.541183,45.98513101,-112.541319
198,45.98486399,-112.541183,45.98486399,-112.541319,45.98498401,-112.541183,45.98498401,-112.541319
199,45.98472999,-112.541183,45.98472999,-112.541319,45.98485001,-112.541183,45.98485001,-112.541319
200,45.98459399,-112.541183,45.98459399,-112.541319,45.98471401,-112.541183,45.98471401,-112.541319
201,45.98445399,-112.541183,45.98445399,-112.541319,45.98457401,-112.541183,45.98457401,-112.541319
202,45.98431899,-112.541183,45.98431899,-112.541319,45.98443901,-112.541183,45.98443901,-112.541319
203,45.98415199,-112.541183,45.98415199,-112.541319,45.98427201,-112.541183,45.98427201,-112.541319
204,45.98401899,-112.541183,45.98401899,-112.541319,45.98413901,-112.541183,45.98413901,-112.541319
205,45.98387699,-112.541183,45.98387699,-112.541319,45.98399701,-112.541183,45.98399701,-112.541319
206,45.98373999,-112.541183,45.98373999,-112.541319,45.98386001,-112.541183,45.98386001,-112.541319
207,45.98360399,-112.541183,45.98360399,-112.541319,45.98372401,-112.541183,45.98372401,-112.541319
208,45.98346599,-112.541183,45.98346599,-112.541319,45.98358601,-112.541183,45.98358601,-112.541319
209,45.98346599,-112.541335,45.98346599,-112.541471,45.98358601,-112.541335,45.98358601,-112.541471
210,45.98360399,-112.541335,45.98360399,-112.541471,45.98372401,-112.541335,45.98372401,-112.541471
211,45.98373999,-112.541335,45.98373999,-112.541471,45.98386001,-112.541335,45.98386001,-112.541471
212,45.98387699,-112.541335,45.98387699,-112.541471,45.98399701,-112.541335,45.98399701,-112.541471
213,45.98401899,-112.541335,45.98401899,-112.541471,45.98413901,-112.541335,45.98413901,-112.541471
214,45.98415199,-112.541335,45.98415199,-112.541471,45.98427201,-112.541335,45.98427201,-112.541471
215,45.98431899,-112.541335,45.98431899,-112.541471,45.98443901,-112.541335,45.98443901,-112.541471
216,45.98445399,-112.541335,45.98445399,-112.541471,45.98457401,-112.541335,45.98457401,-112.541471
217,45.98459399,-112.541335,45.98459399,-112.541471,45.98471401,-112.541335,45.98471401,-112.541471
218,45.98472999,-112.541335,45.98472999,-112.541471,45.98485001,-112.541335,45.98485001,-112.541471
219,45.98486399,-112.541335,45.98486399,-112.541471,45.98498401,-112.541335,45.98498401,-112.541471
220,45.98501099,-112.541335,45.98501099,-112.541471,45.98513101,-112.541335,45.98513101,-112.541471
221,45.98514799,-112.541335,45.98514799,-112.541471,45.98526801,-112.541335,45.98526801,-112.541471
222,45.98527999,-112.541335,45.98527999,-112.541471,45.98540001,-112.541335,45.98540001,-112.541471
223,45.98542199,-112.541335,45.98542199,-112.541471,45.98554201,-112.541335,45.98554201,-112.541471
224,45.98555099,-112.541335,45.98555099,-112.541471,45.98567101,-112.541335,45.98567101,-112.541471
225,45.98555099,-112.541496,45.98555099,-112.541632,45.98567101,-112.541496,45.98567101,-112.541632
226,45.98542199,-112.541496,45.98542199,-112.541632,45.98554201,-112.541496,45.98554201,-112.541632
227,45.98527999,-112.541496,45.98527999,-112.541632,45.98540001,-112.541496,45.98540001,-112.541632
228,45.98514799,-112.541496,45.98514799,-112.541632,45.98526801,-112.541496,45.98526801,-112.541632
229,45.98501099,-112.541496,45.98501099,-112.541632,45.98513101,-112.541496,45.98513101,-112.541632
230,45.98486399,-112.541496,45.98486399,-112.541632,45.98498401,-112.541496,45.98498401,-112.541632
231,45.98472999,-112.541496,45.98472999,-112.541632,45.98485001,-112.541496,45.98485001,-112.541632
232,45.98459399,-112.541496,45.98459399,-112.541632,45.98471401,-112.541496,45.98471401,-112.541632
233,45.98445399,-112.541496,45.98445399,-112.541632,45.98457401,-112.541496,45.98457401,-112.541632
234,45.98431899,-112.541496,45.98431899,-112.541632,45.98443901,-112.541496,45.98443901,-112.541632
235,45.98415199,-112.541496,45.98415199,-112.541632,45.98427201,-112.541496,45.98427201,-112.541632
236,45.98401899,-112.541496,45.98401899,-112.541632,45.98413901,-112.541496,45.98413901,-112.541632
237,45.98387699,-112.541496,45.98387699,-112.541632,45.98399701,-112.541496,45.98399701,-112.541632
238,45.98373999,-112.541496,45.98373999,-112.541632,45.98386001,-112.541496,45.98386001,-112.541632
239,45.98360399,-112.541496,45.98360399,-112.541632,45.98372401,-112.541496,45.98372401,-112.541632
240,45.98346599,-112.541496,45.98346599,-112.541632,45.98358601,-112.541496,45.98358601,-112.541632
241,45.98346599,-112.541693,45.98346599,-112.541829,45.98358601,-112.541693,45.98358601,-112.541829
242,45.98360399,-112.541693,45.98360399,-112.541829,45.98372401,-112.541693,45.98372401,-112.541829
243,45.98373999,-112.541693,45.98373999,-112.541829,45.98386001,-112.541693,45.98386001,-112.541829
244,45.98387699,-112.541693,45.98387699,-112.541829,45.98399701,-112.541693,45.98399701,-112.541829
245,45.98401899,-112.541693,45.98401899,-112.541829,45.98413901,-112.541693,45.98413901,-112.541829
246,45.98415199,-112.541693,45.98415199,-112.541829,45.98427201,-112.541693,45.98427201,-112.541829
247,45.98431899,-112.541693,45.98431899,-112.541829,45.98443901,-112.541693,45.98443901,-112.541829
248,45.98445399,-112.541693,45.98445399,-112.541829,45.98457401,-112.541693,45.98457401,-112.541829
249,45.98459399,-112.541693,45.98459399,-112.541829,45.98471401,-112.541693,45.98471401,-112.541829
250,45.98472999,-112.541693,45.98472999,-112.541829,45.98485001,-112.541693,45.98485001,-112.541829
251,45.98486399,-112.541693,45.98486399,-112.541829,45.98498401,-112.541693,45.98498401,-112.541829
252,45.98501099,-112.541693,45.98501099,-112.541829,45.98513101,-112.541693,45.98513101,-112.541829
253,45.98514799,-112.541693,45.98514799,-112.541829,45.98526801,-112.541693,45.98526801,-112.541829
254,45.98527999,-112.541693,45.98527999,-112.541829,45.98540001,-112.541693,45.98540001,-112.541829
255,45.98542199,-112.541693,45.98542199,-112.541829,45.98554201,-112.541693,45.98554201,-112.541829
256,45.98555099,-112.541693,45.98555099,-112.541829,45.98567101,-112.541693,45.98567101,-112.541829
257,45.98555099,-112.541837,45.98555099,-112.541973,45.98567101,-112.541837,45.98567101,-112.541973
258,45.98542199,-112.541837,45.98542199,-112.541973,45.98554201,-112.541837,45.98554201,-112.541973
259,45.98527999,-112.541837,45.98527999,-112.541973,45.98540001,-112.541837,45.98540001,-112.541973
260,45.98514799,-112.541837,45.98514799,-112.541973,45.98526801,-112.541837,45.98526801,-112.541973
261,45.98501099,-112.541837,45.98501099,-112.541973,45.98513101,-112.541837,45.98513101,-112.541973
262,45.98486399,-112.541837,45.98486399,-112.541973,45.98498401,-112.541837,45.98498401,-112.541973
263,45.98472999,-112.541837,45.98472999,-112.541973,45.98485001,-112.541837,45.98485001,-112.541973
264,45.98459399,-112.541837,45.98459399,-112.541973,45.98471401,-112.541837,45.98471401,-112.541973
265,45.98445399,-112.541837,45.98445399,-112.541973,45.98457401,-112.541837,45.98457401,-112.541973
266,45.98431899,-112.541837,45.98431899,-112.541973,45.98443901,-112.541837,45.98443901,-112.541973
267,45.98415199,-112.541837,45.98415199,-112.541973,45.98427201,-112.541837,45.98427201,-112.541973
268,45.98401899,-112.541837,45.98401899,-112.541973,45.98413901,-112.541837,45.98413901,-112.541973
269,45.98387699,-112.541837,45.98387699,-112.541973,45.98399701,-112.541837,45.98399701,-112.541973
270,45.98373999,-112.541837,45.98373999,-112.541973,45.98386001,-112.541837,45.98386001,-112.541973
271,45.98360399,-112.541837,45.98360399,-112.541973,45.98372401,-112.541837,45.98372401,-112.541973
272,45.98346599,-112.541837,45.98346599,-112.541973,45.98358601,-112.541837,45.98358601,-112.541973
273,45.98346599,-112.542009,45.98346599,-112.542145,45.98358601,-112.542009,45.98358601,-112.542145
274,45.98360399,-112.542009,45.98360399,-112.542145,45.98372401,-112.542009,45.98372401,-112.542145
275,45.98373999,-112.542009,45.98373999,-112.542145,45.98386001,-112.542009,45.98386001,-112.542145
276,45.98387699,-112.542009,45.98387699,-112.542145,45.98399701,-112.542009,45.98399701,-112.542145
277,45.98401899,-112.542009,45.98401899,-112.542145,45.98413901,-112.542009,45.98413901,-112.542145
278,45.98415199,-112.542009,45.98415199,-112.542145,45.98427201,-112.542009,45.98427201,-112.542145
279,45.98431899,-112.542009,45.98431899,-112.542145,45.98443901,-112.542009,45.98443901,-112.542145
280,45.98445399,-112.542009,45.98445399,-112.542145,45.98457401,-112.542009,45.98457401,-112.542145
281,45.98459399,-112.542009,45.98459399,-112.542145,45.98471401,-112.542009,45.98471401,-112.542145
282,45.98472999,-112.542009,45.98472999,-112.542145,45.98485001,-112.542009,45.98485001,-112.542145
283,45.98486399,-112.542009,45.98486399,-112.542145,45.98498401,-112.542009,45.98498401,-112.542145
284,45.98501099,-112.542009,45.98501099,-112.542145,45.98513101,-112.542009,45.98513101,-112.542145
285,45.98514799,-112.542009,45.98514799,-112.542145,45.98526801,-112.542009,45.98526801,-112.542145
286,45.98527999,-112.542009,45.98527999,-112.542145,45.98540001,-112.542009,45.98540001,-112.542145
287,45.98542199,-112.542009,45.98542199,-112.542145,45.98554201,-112.542009,45.98554201,-112.542145
288,45.98555099,-112.542009,45.98555099,-112.542145,45.98567101,-112.542009,45.98567101,-112.542145
289,45.98555099,-112.542157,45.98555099,-112.542293,45.98567101,-112.542157,45.98567101,-112.542293
290,45.98542199,-112.542157,45.98542199,-112.542293,45.98554201,-112.542157,45.98554201,-112.542293
291,45.98527999,-112.542157,45.98527999,-112.542293,45.98540001,-112.542157,45.98540001,-112.542293
292,45.98514799,-112.542157,45.98514799,-112.542293,45.98526801,-112.542157,45.98526801,-112.542293
293,45.98501099,-112.542157,45.98501099,-112.542293,45.98513101,-112.542157,45.98513101,-112.542293
294,45.98486399,-112.542157,45.98486399,-112.542293,45.98498401,-112.542157,45.98498401,-112.542293
295,45.98472999,-112.542157,45.98472999,-112.542293,45.98485001,-112.542157,45.98485001,-112.542293
296,45.98459399,-112.542157,45.98459399,-112.542293,45.98471401,-112.542157,45.98471401,-112.542293
297,45.98445399,-112.542157,45.98445399,-112.542293,45.98457401,-112.542157,45.98457401,-112.542293
298,45.98431899,-112.542157,45.98431899,-112.542293,45.98443901,-112.542157,45.98443901,-112.542293
299,45.98415199,-112.542157,45.98415199,-112.542293,45.98427201,-112.542157,45.98427201,-112.542293
300,45.98401899,-112.542157,45.98401899,-112.542293,45.98413901,-112.542157,45.98413901,-112.542293
301,45.98387699,-112.542157,45.98387699,-112.542293,45.98399701,-112.542157,45.98399701,-112.542293
302,45.98373999,-112.542157,45.98373999,-112.542293,45.98386001,-112.542157,45.98386001,-112.542293
303,45.98360399,-112.542157,45.98360399,-112.542293,45.98372401,-112.542157,45.98372401,-112.542293
304,45.98346599,-112.542157,45.98346599,-112.542293,45.98358601,-112.542157,45.98358601,-112.542293
305,45.98346599,-112.542315,45.98346599,-112.542451,45.98358601,-112.542315,45.98358601,-112.542451
306,45.98360399,-112.542315,45.98360399,-112.542451,45.98372401,-112.542315,45.98372401,-112.542451
307,45.98373999,-112.542315,45.98373999,-112.542451,45.98386001,-112.542315,45.98386001,-112.542451
308,45.98387699,-112.542315,45.98387699,-112.542451,45.98399701,-112.542315,45.98399701,-112.542451
309,45.98401899,-112.542315,45.98401899,-112.542451,45.98413901,-112.542315,45.98413901,-112.542451
310,45.98415199,-112.542315,45.98415199,-112.542451,45.98427201,-112.542315,45.98427201,-112.542451
311,45.98431899,-112.542315,45.98431899,-112.542451,45.98443901,-112.542315,45.98443901,-112.542451
312,45.98445399,-112.542315,45.98445399,-112.542451,45.98457401,-112.542315,45.98457401,-112.542451
313,45.98459399,-112.542315,45.98459399,-112.542451,45.98471401,-112.542315,45.98471401,-112.542451
314,45.98472999,-112.542315,45.98472999,-112.542451,45.98485001,-112.542315,45.98485001,-112.542451
315,45.98486399,-112.542315,45.98486399,-112.542451,45.98498401,-112.542315,45.98498401,-112.542451
316,45.98501099,-112.542315,45.98501099,-112.542451,45.98513101,-112.542315,45.98513101,-112.542451
317,45.98514799,-112.542315,45.98514799,-112.542451,45.98526801,-112.542315,45.98526801,-112.542451
318,45.98527999,-112.542315,45.98527999,-112.542451,45.98540001,-112.542315,45.98540001,-112.542451
319,45.98542199,-112.542315,45.98542199,-112.542451,45.98554201,-112.542315,45.98554201,-112.542451
320,45.98555099,-112.542315,45.98555099,-112.542451,45.98567101,-112.542315,45.98567101,-112.542451
321,45.98555099,-112.542525,45.98555099,-112.542661,45.98567101,-112.542525,45.98567101,-112.542661
322,45.98542199,-112.542525,45.98542199,-112.542661,45.98554201,-112.542525,45.98554201,-112.542661
323,45.98527999,-112.542525,45.98527999,-112.542661,45.98540001,-112.542525,45.98540001,-112.542661
324,45.98514799,-112.542525,45.98514799,-112.542661,45.98526801,-112.542525,45.98526801,-112.542661
325,45.98501099,-112.542525,45.98501099,-112.542661,45.98513101,-112.542525,45.98513101,-112.542661
326,45.98486399,-112.542525,45.98486399,-112.542661,45.98498401,-112.542525,45.98498401,-112.542661
327,45.98472999,-112.542525,45.98472999,-112.542661,45.98485001,-112.542525,45.98485001,-112.542661
328,45.98459399,-112.542525,45.98459399,-112.542661,45.98471401,-112.542525,45.98471401,-112.542661
329,45.98445399,-112.542525,45.98445399,-112.542661,45.98457401,-112.542525,45.98457401,-112.542661
330,45.98431899,-112.542525,45.98431899,-112.542661,45.98443901,-112.542525,45.98443901,-112.542661
331,45.98415199,-112.542525,45.98415199,-112.542661,45.98427201,-112.542525,45.98427201,-112.542661
332,45.98401899,-112.542525,45.98401899,-112.542661,45.98413901,-112.542525,45.98413901,-112.542661
333,45.98387699,-112.542525,45.98387699,-112.542661,45.98399701,-112.542525,45.98399701,-112.542661
334,45.98373999,-112.542525,45.98373999,-112.542661,45.98386001,-112.542525,45.98386001,-112.542661
335,45.98360399,-112.542525,45.98360399,-112.542661,45.98372401,-112.542525,45.98372401,-112.542661
336,45.98346599,-112.542525,45.98346599,-112.542661,45.98358601,-112.542525,45.98358601,-112.542661
337,45.98346599,-112.542676,45.98346599,-112.542812,45.98358601,-112.542676,45.98358601,-112.542812
338,45.98360399,-112.542676,45.98360399,-112.542812,45.98372401,-112.542676,45.98372401,-112.542812
339,45.98373999,-112.542676,45.98373999,-112.542812,45.98386001,-112.542676,45.98386001,-112.542812
340,45.98387699,-112.542676,45.98387699,-112.542812,45.98399701,-112.542676,45.98399701,-112.542812
341,45.98401899,-112.542676,45.98401899,-112.542812,45.98413901,-112.542676,45.98413901,-112.542812
342,45.98415199,-112.542676,45.98415199,-112.542812,45.98427201,-112.542676,45.98427201,-112.542812
343,45.98431899,-112.542676,45.98431899,-112.542812,45.98443901,-112.542676,45.98443901,-112.542812
344,45.98445399,-112.542676,45.98445399,-112.542812,45.98457401,-112.542676,45.98457401,-112.542812
345,45.98459399,-112.542676,45.98459399,-112.542812,45.98471401,-112.542676,45.98471401,-112.542812
346,45.98472999,-112.542676,45.98472999,-112.542812,45.98485001,-112.542676,45.98485001,-112.542812
347,45.98486399,-112.542676,45.98486399,-112.542812,45.98498401,-112.542676,45.98498401,-112.542812
348,45.98501099,-112.542676,45.98501099,-112.542812,45.98513101,-112.542676,45.98513101,-112.542812
349,45.98514799,-112.542676,45.98514799,-112.542812,45.98526801,-112.542676,45.98526801,-112.542812
350,45.98527999,-112.542676,45.98527999,-112.542812,45.98540001,-112.542676,45.98540001,-112.542812
351,45.98542199,-112.542676,45.98542199,-112.542812,45.98554201,-112.542676,45.98554201,-112.542812
352,45.98555099,-112.542676,45.98555099,-112.542812,45.98567101,-112.542676,45.98567101,-112.542812
353,45.98555099,-112.542835,45.98555099,-112.542971,45.98567101,-112.542835,45.98567101,-112.542971
354,45.98542199,-112.542835,45.98542199,-112.542971,45.98554201,-112.542835,45.98554201,-112.542971
355,45.98527999,-112.542835,45.98527999,-112.542971,45.98540001,-112.542835,45.98540001,-112.542971
356,45.98514799,-112.542835,45.98514799,-112.542971,45.98526801,-112.542835,45.98526801,-112.542971
357,45.98501099,-112.542835,45.98501099,-112.542971,45.98513101,-112.542835,45.98513101,-112.542971
358,45.98486399,-112.542835,45.98486399,-112.542971,45.98498401,-112.542835,45.98498401,-112.542971
359,45.98472999,-112.542835,45.98472999,-112.542971,45.98485001,-112.542835,45.98485001,-112.542971
360,45.98459399,-112.542835,45.98459399,-112.542971,45.98471401,-112.542835,45.98471401,-112.542971
361,45.98445399,-112.542835,45.98445399,-112.542971,45.98457401,-112.542835,45.98457401,-112.542971
362,45.98431899,-112.542835,45.98431899,-112.542971,45.98443901,-112.542835,45.98443901,-112.542971
363,45.98415199,-112.542835,45.98415199,-112.542971,45.98427201,-112.542835,45.98427201,-112.542971
364,45.98401899,-112.542835,45.98401899,-112.542971,45.98413901,-112.542835,45.98413901,-112.542971
365,45.98387699,-112.542835,45.98387699,-112.542971,45.98399701,-112.542835,45.98399701,-112.542971
366,45.98373999,-112.542835,45.98373999,-112.542971,45.98386001,-112.542835,45.98386001,-112.542971
367,45.98360399,-112.542835,45.98360399,-112.542971,45.98372401,-112.542835,45.98372401,-112.542971
368,45.98346599,-112.542835,45.98346599,-112.542971,45.98358601,-112.542835,45.98358601,-112.542971
369,45.98346599,-112.542996,45.98346599,-112.543132,45.98358601,-112.542996,45.98358601,-112.543132
370,45.98360399,-112.542996,45.98360399,-112.543132,45.98372401,-112.542996,45.98372401,-112.543132
371,45.98373999,-112.542996,45.98373999,-112.543132,45.98386001,-112.542996,45.98386001,-112.543132
372,45.98387699,-112.542996,45.98387699,-112.543132,45.98399701,-112.542996,45.98399701,-112.543132
373,45.98401899,-112.542996,45.98401899,-112.543132,45.98413901,-112.542996,45.98413901,-112.543132
374,45.98415199,-112.542996,45.98415199,-112.543132,45.98427201,-112.542996,45.98427201,-112.543132
375,45.98431899,-112.542996,45.98431899,-112.543132,45.98443901,-112.542996,45.98443901,-112.543132
376,45.98445399,-112.542996,45.98445399,-112.543132,45.98457401,-112.542996,45.98457401,-112.543132
377,45.98459399,-112.542996,45.98459399,-112.543132,45.98471401,-112.542996,45.98471401,-112.543132
378,45.98472999,-112.542996,45.98472999,-112.543132,45.98485001,-112.542996,45.98485001,-112.543132
379,45.98486399,-112.542996,45.98486399,-112.543132,45.98498401,-112.542996,45.98498401,-112.543132
380,45.98501099,-112.542996,45.98501099,-112.543132,45.98513101,-112.542996,45.98513101,-112.543132
381,45.98514799,-112.542996,45.98514799,-112.543132,45.98526801,-112.542996,45.98526801,-112.543132
382,45.98527999,-112.542996,45.98527999,-112.543132,45.98540001,-112.542996,45.98540001,-112.543132
383,45.98542199,-112.542996,45.98542199,-112.543132,45.98554201,-112.542996,45.98554201,-112.543132
384,45.98555099,-112.542996,45.98555099,-112.543132,45.98567101,-112.542996,45.98567101,-112.543132
385,45.98555099,-112.543153,45.98555099,-112.543289,45.98567101,-112.543153,45.98567101,-112.543289
386,45.98542199,-112.543153,45.98542199,-112.543289,45.98554201,-112.543153,45.98554201,-112.543289
387,45.98527999,-112.543153,45.98527999,-112.543289,45.98540001,-112.543153,45.98540001,-112.543289
388,45.98514799,-112.543153,45.98514799,-112.543289,45.98526801,-112.543153,45.98526801,-112.543289
389,45.98501099,-112.543153,45.98501099,-112.543289,45.98513101,-112.543153,45.98513101,-112.543289
390,45.98486399,-112.543153,45.98486399,-112.543289,45.98498401,-112.543153,45.98498401,-112.543289
391,45.98472999,-112.543153,45.98472999,-112.543289,45.98485001,-112.543153,45.98485001,-112.543289
392,45.98459399,-112.543153,45.98459399,-112.543289,45.98471401,-112.543153,45.98471401,-112.543289
393,45.98445399,-112.543153,45.98445399,-112.543289,45.98457401,-112.543153,45.98457401,-112.543289
394,45.98431899,-112.543153,45.98431899,-112.543289,45.98443901,-112.543153,45.98443901,-112.543289
395,45.98415199,-112.543153,45.98415199,-112.543289,45.98427201,-112.543153,45.984267,-112.54324
396,45.98401899,-112.543153,45.98401899,-112.543289,45.98413901,-112.543153,45.98413901,-112.543289
397,45.98387699,-112.543153,45.98387699,-112.543289,45.98399701,-112.543153,45.98399701,-112.543289
398,45.98373999,-112.543153,45.98373999,-112.543289,45.98386001,-112.543153,45.98386001,-112.543289
399,45.98360399,-112.543153,45.98360399,-112.543289,45.98372401,-112.543153,45.98372401,-112.543289
400,45.98346599,-112.543153,45.98346599,-112.543289,45.98358601,-112.543153,45.98358601,-112.543289
401,45.98569699,-112.543153,45.98569699,-112.543289,45.98581701,-112.543153,45.98581701,-112.543289
402,45.98569699,-112.542996,45.98569699,-112.543132,45.98581701,-112.542996,45.98581701,-112.543132
403,45.98569699,-112.542835,45.98569699,-112.542971,45.98581701,-112.542835,45.98581701,-112.542971
404,45.98569699,-112.542676,45.98569699,-112.542812,45.985749,-112.542676,45.985748,-112.542812
405,45.98569699,-112.542525,45.98569699,-112.542661,45.985752,-112.542525,45.985752,-112.542661
406,45.98569699,-112.542315,45.98569699,-112.542451,45.98581701,-112.542315,45.98581701,-112.542451
407,45.98569699,-112.542157,45.98569699,-112.542293,45.98581701,-112.542157,45.98581701,-112.542293
408,45.98569699,-112.542009,45.98569699,-112.542145,45.98581701,-112.542009,45.98581701,-112.542145
409,45.98569699,-112.541837,45.98569699,-112.541973,45.98581701,-112.541837,45.98581701,-112.541973
410,45.98569699,-112.541693,45.98569699,-112.541829,45.98581701,-112.541693,45.98581701,-112.541829
411,45.98569699,-112.541496,45.98569699,-112.541632,45.98581701,-112.541496,45.98581701,-112.541632
412,45.98569699,-112.541335,45.98569699,-112.541471,45.98581701,-112.541335,45.98581701,-112.541471
413,45.98569699,-112.541183,45.98569699,-112.541319,45.98581701,-112.541183,45.98581701,-112.541319
414,45.98569699,-112.541026,45.98569699,-112.541162,45.98581701,-112.541026,45.98581701,-112.541162
415,45.98569699,-112.540858,45.98569699,-112.540994,45.98581701,-112.540858,45.98581701,-112.540994
416,45.98569699,-112.540655,45.98569699,-112.540791,45.98581701,-112.540655,45.98581701,-112.540791
417,45.98569699,-112.540506,45.98569699,-112.540642,45.98581701,-112.540506,45.98581701,-112.540642
418,45.98569699,-112.540355,45.98569699,-112.540491,45.98581701,-112.540355,45.98581701,-112.540491
419,45.98569699,-112.540189,45.98569699,-112.540325,45.98581701,-112.540189,45.98581701,-112.540325
420,45.98569699,-112.540034,45.98569699,-112.54017,45.98581701,-112.540034,45.98581701,-112.54017
421,45.98569699,-112.53984,45.98569699,-112.539976,45.98581701,-112.53984,45.98581701,-112.539976
422,45.98569699,-112.539682,45.98569699,-112.539818,45.98581701,-112.539682,45.98581701,-112.539818
423,45.98569699,-112.539524,45.98569699,-112.53966,45.98581701,-112.539524,45.98581701,-112.53966
424,45.98569699,-112.539368,45.98569699,-112.539504,45.98581701,-112.539368,45.98581701,-112.539504
425,45.98569699,-112.539208,45.98569699,-112.539344,45.98581701,-112.539208,45.98581701,-112.539344
426,45.98329999,-112.543153,45.98329999,-112.543289,45.98342001,-112.543153,45.98342001,-112.543289
427,45.98329999,-112.542996,45.98329999,-112.543132,45.98342001,-112.542996,45.98342001,-112.543132
428,45.98329999,-112.542835,45.98329999,-112.542971,45.98342001,-112.542835,45.98342001,-112.542971
429,45.98329999,-112.542676,45.98329999,-112.542812,45.98342001,-112.542676,45.98342001,-112.542812
430,45.98329999,-112.542525,45.98329999,-112.542661,45.98342001,-112.542525,45.98342001,-112.542661
431,45.98329999,-112.542315,45.98329999,-112.542451,45.98342001,-112.542315,45.98342001,-112.542451
432,45.98329999,-112.542157,45.98329999,-112.542293,45.98342001,-112.542157,45.98342001,-112.542293
433,45.98329999,-112.542009,45.98329999,-112.542145,45.98342001,-112.542009,45.98342001,-112.542145
434,45.98329999,-112.541837,45.98329999,-112.541973,45.98342001,-112.541837,45.98342001,-112.541973
435,45.98329999,-112.541693,45.98329999,-112.541829,45.98342001,-112.541693,45.98342001,-112.541829
436,45.98329999,-112.541496,45.98329999,-112.541632,45.98342001,-112.541496,45.98342001,-112.541632
437,45.98329999,-112.541335,45.98329999,-112.541471,45.98342001,-112.541335,45.98342001,-112.541471
438,45.98329999,-112.541183,45.98329999,-112.541319,45.98342001,-112.541183,45.98342001,-112.541319
439,45.98329999,-112.541026,45.98329999,-112.541162,45.98342001,-112.541026,45.98342001,-112.541162
440,45.98329999,-112.540858,45.98329999,-112.540994,45.98342001,-112.540858,45.98342001,-112.540994
441,45.98332299,-112.540655,45.98332299,-112.540791,45.98344301,-112.540655,45.98344301,-112.540791
442,45.98332299,-112.540506,45.98332299,-112.540642,45.98344301,-112.540506,45.98344301,-112.540642
443,45.98332299,-112.540355,45.98332299,-112.540491,45.98344301,-112.540355,45.98344301,-112.540491
444,45.98332299,-112.540189,45.98332299,-112.540325,45.98344301,-112.540189,45.98344301,-112.540325
445,45.98332299,-112.540034,45.98332299,-112.54017,45.98344301,-112.540034,45.98344301,-112.54017
446,45.98329999,-112.53984,45.98329999,-112.539976,45.98342001,-112.53984,45.98342001,-112.539976
447,45.98329999,-112.539682,45.98329999,-112.539818,45.98342001,-112.539682,45.98342001,-112.539818
448,45.98329999,-112.539524,45.98329999,-112.53966,45.98342001,-112.539524,45.98342001,-112.53966
449,45.98329999,-112.539368,45.98329999,-112.539504,45.98342001,-112.539368,45.98342001,-112.539504
450,45.98329999,-112.539208,45.98329999,-112.539344,45.98342001,-112.539208,45.98342001,-112.539344
451,45.98316599,-112.539208,45.98316599,-112.539344,45.98328601,-112.539208,45.98328601,-112.539344
452,45.98316599,-112.539368,45.98316599,-112.539504,45.98328601,-112.539368,45.98328601,-112.539504
453,45.98316599,-112.539524,45.98316599,-112.53966,45.98328601,-112.539524,45.98328601,-112.53966
454,45.98316599,-112.539682,45.98316599,-112.539818,45.98328601,-112.539682,45.98328601,-112.539818
455,45.98316599,-112.53984,45.98316599,-112.539976,45.98328601,-112.53984,45.98328601,-112.539976
456,45.98318599,-112.540034,45.98318599,-112.54017,45.98330601,-112.540034,45.98330601,-112.54017
457,45.98318599,-112.540189,45.98318599,-112.540325,45.98330601,-112.540189,45.98330601,-112.540325
458,45.98318599,-112.540355,45.98318599,-112.540491,45.98330601,-112.540355,45.98330601,-112.540491
459,45.98318599,-112.540506,45.98318599,-112.540642,45.98330601,-112.540506,45.98330601,-112.540642
460,45.98318599,-112.540655,45.98318599,-112.540791,45.98330601,-112.540655,45.98330601,-112.540791
461,45.98316599,-112.540858,45.98316599,-112.540994,45.98328601,-112.540858,45.98328601,-112.540994
462,45.98316599,-112.541026,45.98316599,-112.541162,45.98328601,-112.541026,45.98328601,-112.541162
463,45.98316599,-112.541183,45.98316599,-112.541319,45.98328601,-112.541183,45.98328601,-112.541319
464,45.98316599,-112.541335,45.98316599,-112.541471,45.98328601,-112.541335,45.98328601,-112.541471
465,45.98316599,-112.541496,45.98316599,-112.541632,45.98328601,-112.541496,45.98328601,-112.541632
466,45.98316599,-112.541693,45.98316599,-112.541829,45.98328601,-112.541693,45.98328601,-112.541829
467,45.98316599,-112.541837,45.98316599,-112.541973,45.98328601,-112.541837,45.98328601,-112.541973
468,45.98316599,-112.542009,45.98316599,-112.542145,45.98328601,-112.542009,45.98328601,-112.542145
469,45.98316599,-112.542157,45.98316599,-112.542293,45.98328601,-112.542157,45.98328601,-112.542293
470,45.98316599,-112.542315,45.98316599,-112.542451,45.98328601,-112.542315,45.98328601,-112.542451
471,45.98316599,-112.542525,45.98316599,-112.542661,45.98328601,-112.542525,45.98328601,-112.542661
472,45.98316599,-112.542676,45.98316599,-112.542812,45.98328601,-112.542676,45.98328601,-112.542812
473,45.98316599,-112.542835,45.98316599,-112.542971,45.98328601,-112.542835,45.98328601,-112.542971
474,45.98316599,-112.542996,45.98316599,-112.543132,45.98328601,-112.542996,45.98328601,-112.543132
475,45.98316599,-112.543153,45.98316599,-112.543289,45.98328601,-112.543153,45.98328601,-112.543289
476,45.98302599,-112.543153,45.98302599,-112.543289,45.98314601,-112.543153,45.98314601,-112.543289
477,45.98302599,-112.542996,45.98302599,-112.543132,45.98314601,-112.542996,45.98314601,-112.543132
478,45.98302599,-112.542835,45.98302599,-112.542971,45.98314601,-112.542835,45.98314601,-112.542971
479,45.98302599,-112.542676,45.98302599,-112.542812,45.98314601,-112.542676,45.98314601,-112.542812
480,45.98302599,-112.542525,45.98302599,-112.542661,45.98314601,-112.542525,45.98314601,-112.542661
481,45.98302599,-112.542315,45.98302599,-112.542451,45.98314601,-112.542315,45.98314601,-112.542451
482,45.98302599,-112.542157,45.98302599,-112.542293,45.98314601,-112.542157,45.98314601,-112.542293
483,45.98302599,-112.542009,45.98302599,-112.542145,45.98314601,-112.542009,45.98314601,-112.542145
484,45.98302599,-112.541837,45.98302599,-112.541973,45.98314601,-112.541837,45.98314601,-112.541973
485,45.98302599,-112.541693,45.98302599,-112.541829,45.98314601,-112.541693,45.98314601,-112.541829
486,45.98302599,-112.541496,45.98302599,-112.541632,45.98314601,-112.541496,45.98314601,-112.541632
487,45.98302599,-112.541335,45.98302599,-112.541471,45.98314601,-112.541335,45.98314601,-112.541471
488,45.98302599,-112.541183,45.98302599,-112.541319,45.98314601,-112.541183,45.98314601,-112.541319
489,45.98302599,-112.541026,45.98302599,-112.541162,45.98314601,-112.541026,45.98314601,-112.541162
490,45.98302599,-112.540858,45.98302599,-112.540994,45.98314601,-112.540858,45.98314601,-112.540994
491,45.98304999,-112.540655,45.98304999,-112.540791,45.98317001,-112.540655,45.98317001,-112.540791
492,45.98304999,-112.540506,45.98304999,-112.540642,45.98317001,-112.540506,45.98317001,-112.540642
493,45.983094,-112.540353,45.983096,-112.540491,45.98317001,-112.540355,45.98317001,-112.540491
494,45.983098,-112.540189, 45.983097°,-112.540324°,45.98317001,-112.540189,45.98317001,-112.540325
495,45.98304999,-112.540034,45.98304999,-112.54017,45.98317001,-112.540034,45.98317001,-112.54017
496,45.98302599,-112.53984,45.98302599,-112.539976,45.98314601,-112.53984,45.983147,-112.539971
497,45.98302599,-112.539682,45.98302599,-112.539818,45.98314601,-112.539682,45.98314601,-112.539818
498,45.983049,-112.539524,45.98302599,-112.53966,45.98314601,-112.539524,45.98314601,-112.53966
499,45.983066,-112.539368,45.983052,-112.539502,45.98314601,-112.539368,45.98314601,-112.539504
500,45.983096,-112.539208,45.983072,-112.539344,45.98314601,-112.539208,45.98314601,-112.539344
501,45.98297199,-112.540189,45.98297199,-112.540325,45.98309201,-112.540189,45.983084,-112.540326
502,45.98296399,-112.540355,45.982927,-112.540484,45.98308401,-112.540355,45.98308401,-112.540491
503,45.982918,-112.540506,45.982913,-112.540642,45.983036,-112.540512,45.983026,-112.540643
504,45.982915,-112.540655,45.982915,-112.540791,45.98300801,-112.540655,45.98300801,-112.540791
505,45.98288799,-112.540858,45.98288799,-112.540994,45.98300801,-112.540858,45.98300801,-112.540994
506,45.98288799,-112.541026,45.98288799,-112.541162,45.98300801,-112.541026,45.98300801,-112.541162
507,45.98288799,-112.541183,45.98288799,-112.541319,45.98300801,-112.541183,45.98300801,-112.541319
508,45.98288799,-112.541335,45.98288799,-112.541471,45.98300801,-112.541335,45.98300801,-112.541471
509,45.98288799,-112.541496,45.98288799,-112.541632,45.98300801,-112.541496,45.98300801,-112.541632
510,45.98288799,-112.541693,45.98288799,-112.541829,45.98300801,-112.541693,45.98300801,-112.541829
511,45.98288799,-112.541837,45.98288799,-112.541973,45.98300801,-112.541837,45.98300801,-112.541973
512,45.98288799,-112.542009,45.98288799,-112.542145,45.98300801,-112.542009,45.98300801,-112.542145
513,45.98288799,-112.542157,45.98288799,-112.542293,45.98300801,-112.542157,45.98300801,-112.542293
514,45.98288799,-112.542315,45.98288799,-112.542451,45.98300801,-112.542315,45.98300801,-112.542451
515,45.98288799,-112.542525,45.98288799,-112.542661,45.98300801,-112.542525,45.98300801,-112.542661
516,45.98288799,-112.542676,45.98288799,-112.542812,45.98300801,-112.542676,45.98300801,-112.542812
517,45.98288799,-112.542835,45.98288799,-112.542971,45.98300801,-112.542835,45.98300801,-112.542971
518,45.98288799,-112.542996,45.98288799,-112.543132,45.98300801,-112.542996,45.98300801,-112.543132
519,45.98288799,-112.543153,45.98288799,-112.543289,45.98300801,-112.543153,45.98300801,-112.543289
520,45.98275299,-112.543153,45.98275299,-112.543289,45.98287301,-112.543153,45.98287301,-112.543289
521,45.98275299,-112.542996,45.98275299,-112.543132,45.98287301,-112.542996,45.98287301,-112.543132
522,45.98275299,-112.542835,45.98275299,-112.542971,45.98287301,-112.542835,45.98287301,-112.542971
523,45.98275299,-112.542676,45.98275299,-112.542812,45.98287301,-112.542676,45.98287301,-112.542812
524,45.98275299,-112.542525,45.98275299,-112.542661,45.98287301,-112.542525,45.98287301,-112.542661
525,45.98275299,-112.542315,45.98275299,-112.542451,45.98287301,-112.542315,45.98287301,-112.542451
526,45.98275299,-112.542157,45.98275299,-112.542293,45.98287301,-112.542157,45.98287301,-112.542293
527,45.98275299,-112.542009,45.98275299,-112.542145,45.98287301,-112.542009,45.98287301,-112.542145
528,45.98275299,-112.541837,45.98275299,-112.541973,45.98287301,-112.541837,45.98287301,-112.541973
529,45.98275299,-112.541693,45.98275299,-112.541829,45.98287301,-112.541693,45.98287301,-112.541829
530,45.982776,-112.541492,45.982786,-112.541636,45.98287001,-112.541496,45.98287001,-112.541632
531,45.982787,-112.541335,45.98275299,-112.541471,45.98287301,-112.541335,45.98287301,-112.541471
532,45.98282399,-112.54117,45.982791,-112.541304,45.982867,-112.54117,45.982871,-112.541306
533,45.982721,-112.541493,45.982708,-112.541625,45.982763,-112.541494,45.982767,-112.541626
534,45.982646,-112.541693,45.982617,-112.541829,45.98271801,-112.541693,45.98271801,-112.541829
535,45.982616,-112.54184,45.98259799,-112.541973,45.98271801,-112.541837,45.98271801,-112.541973
536,45.98259799,-112.542009,45.98259799,-112.542145,45.98271801,-112.542009,45.98271801,-112.542145
537,45.98259799,-112.542157,45.98259799,-112.542293,45.98271801,-112.542157,45.98271801,-112.542293
538,45.98259799,-112.542315,45.98259799,-112.542451,45.98271801,-112.542315,45.98271801,-112.542451
539,45.98259799,-112.542525,45.98259799,-112.542661,45.98271801,-112.542525,45.98271801,-112.542661
540,45.98259799,-112.542676,45.98259799,-112.542812,45.98271801,-112.542676,45.98271801,-112.542812
541,45.98259799,-112.542835,45.98259799,-112.542971,45.98271801,-112.542835,45.98271801,-112.542971
542,45.98259799,-112.542996,45.98259799,-112.543132,45.98271801,-112.542996,45.98271801,-112.543132
543,45.98259799,-112.543153,45.98259799,-112.543289,45.98271801,-112.543153,45.98271801,-112.543289
544,45.982462,-112.543154,45.982461,-112.54329,45.98257201,-112.543153,45.98257201,-112.543289
545,45.982464,-112.542996,45.982464,-112.54313,45.98257201,-112.542996,45.98257201,-112.543132
546,45.982462,-112.542835,45.982462,-112.54297,45.98257201,-112.542835,45.98257201,-112.542971
547,45.982463,-112.542674,45.982462,-112.542811,45.98257201,-112.542676,45.98257201,-112.542812
548,45.982465,-112.542524,45.982463,-112.542661,45.98257201,-112.542525,45.98257201,-112.542661
549,45.982463,-112.542315,45.98245199,-112.542451,45.98257201,-112.542315,45.98257201,-112.542451
550,45.982498,-112.54216,45.98245199,-112.542293,45.98257201,-112.542157,45.98257201,-112.542293
551,45.982542,-112.542009,45.982501,-112.542145,45.98257201,-112.542009,45.98257201,-112.542145
552,45.982419,-112.542315,45.982406,-112.542431,45.982456,-112.542317,45.982452,-112.54245
553,45.982427,-112.542512,45.98234199,-112.542661,45.98246201,-112.542525,45.982453,-112.54266
554,45.982398,-112.542667,45.98234199,-112.542812,45.982452,-112.542676,45.98246201,-112.542812
555,45.98235,-112.542845,45.98234199,-112.542971,45.982448,-112.542835,45.982451,-112.542971
556,45.98234199,-112.542996,45.98234199,-112.543132,45.982451,-112.542996,45.982452,-112.543132
557,45.98234199,-112.543153,45.98234199,-112.543289,45.982451,-112.543152,45.982451,-112.543291
558,45.98226399,-112.543153,45.982279,-112.543269,45.982327,-112.543153,45.982327,-112.543289
559,45.98226399,-112.542996,45.98226399,-112.543132,45.982327,-112.542996,45.982327,-112.543132
560,45.98226399,-112.542835,45.98226399,-112.542971,45.982327,-112.542835,45.982327,-112.542971
561,45.982333,-112.542658,45.98228499,-112.542797,45.982386,-112.542664,45.982405,-112.542804
562,45.982381,-112.542504,45.982334,-112.54264,45.982422,-112.542511,45.98239,-112.542655
0,45.98415499,-112.539689,45.98415499,-112.539825,45.98427501,-112.539689,45.984214,-112.539825
,N,N,E,E,S,S,W,W
Center,45.984398,-112.540048,45.984297,-112.540269,45.984202,-112.540048,45.984297,-112.539833
,0,0,0,0,0,0,0,0
