Block,direction,latitude,longitude,
1,SE,45.98472999,-112.540655,
1,SW,45.98472999,-112.540791,
1,NE,45.98485001,-112.540655,
1,NW,45.98485001,-112.540791,
2,SE,45.98459399,-112.540655,
2,SW,45.98459399,-112.540791,
2,NE,45.98471401,-112.540655,
2,NW,45.98471401,-112.540791,
3,SE,45.98445399,-112.540655,
3,SW,45.98445399,-112.540791,
3,NE,45.98457401,-112.540655,
3,NW,45.98457401,-112.540791,
4,SE,45.98431899,-112.540655,
4,SW,45.98431899,-112.540791,
4,NE,45.98443901,-112.540655,
4,NW,45.98443901,-112.540791,
5,SE,45.98415199,-112.540655,
5,SW,45.98415199,-112.540791,
5,NE,45.98427201,-112.540655,
5,NW,45.98427201,-112.540791,
6,SE,45.98401899,-112.540655,
6,SW,45.98401899,-112.540791,
6,NE,45.98413901,-112.540655,
6,NW,45.98413901,-112.540791,
7,SE,45.98387699,-112.540655,
7,SW,45.98387699,-112.540791,
7,NE,45.98399701,-112.540655,
7,NW,45.98399701,-112.540791,
8,SE,45.98373999,-112.540655,
8,SW,45.98373999,-112.540791,
8,NE,45.98386001,-112.540655,
8,NW,45.98386001,-112.540791,
9,SE,45.98373999,-112.540506,
9,SW,45.98373999,-112.540642,
9,NE,45.98386001,-112.540506,
9,NW,45.98386001,-112.540642,
10,SE,45.98387699,-112.540506,
10,SW,45.98387699,-112.540642,
10,NE,45.98399701,-112.540506,
10,NW,45.98399701,-112.540642,
11,SE,45.98401899,-112.540506,
11,SW,45.98401899,-112.540642,
11,NE,45.98413901,-112.540506,
11,NW,45.98413901,-112.540642,
12,SE,45.98415199,-112.540506,
12,SW,45.98415199,-112.540642,
12,NE,45.98427201,-112.540506,
12,NW,45.98427201,-112.540642,
13,SE,45.98431899,-112.540506,
13,SW,45.98431899,-112.540642,
13,NE,45.98443901,-112.540506,
13,NW,45.98443901,-112.540642,
14,SE,45.98445399,-112.540506,
14,SW,45.98445399,-112.540642,
14,NE,45.98457401,-112.540506,
14,NW,45.98457401,-112.540642,
15,SE,45.98459399,-112.540506,
15,SW,45.98459399,-112.540642,
15,NE,45.98471401,-112.540506,
15,NW,45.98471401,-112.540642,
16,SE,45.98472999,-112.540506,
16,SW,45.98472999,-112.540642,
16,NE,45.98485001,-112.540506,
16,NW,45.98485001,-112.540642,
17,SE,45.98472999,-112.540355,
17,SW,45.98472999,-112.540491,
17,NE,45.98485001,-112.540355,
17,NW,45.98485001,-112.540491,
18,SE,45.98459399,-112.540355,
18,SW,45.98459399,-112.540491,
18,NE,45.98471401,-112.540355,
18,NW,45.98471401,-112.540491,
19,SE,45.98445399,-112.540355,
19,SW,45.98445399,-112.540491,
19,NE,45.98457401,-112.540355,
19,NW,45.98457401,-112.540491,
20,SE,45.98431899,-112.540355,
20,SW,45.98431899,-112.540491,
20,NE,45.98443901,-112.540355,
20,NW,45.98443901,-112.540491,
21,SE,45.98415199,-112.540355,
21,SW,45.98415199,-112.540491,
21,NE,45.98427201,-112.540355,
21,NW,45.98427201,-112.540491,
22,SE,45.98401899,-112.540355,
22,SW,45.98401899,-112.540491,
22,NE,45.98413901,-112.540355,
22,NW,45.98413901,-112.540491,
23,SE,45.98387699,-112.540355,
23,SW,45.98387699,-112.540491,
23,NE,45.98399701,-112.540355,
23,NW,45.98399701,-112.540491,
24,SE,45.98373999,-112.540355,
24,SW,45.98373999,-112.540491,
24,NE,45.98386001,-112.540355,
24,NW,45.98386001,-112.540491,
25,SE,45.98373999,-112.540189,
25,SW,45.98373999,-112.540325,
25,NE,45.98386001,-112.540189,
25,NW,45.98386001,-112.540325,
26,SE,45.98387699,-112.540189,
26,SW,45.98387699,-112.540325,
26,NE,45.98399701,-112.540189,
26,NW,45.98399701,-112.540325,
27,SE,45.98401899,-112.540189,
27,SW,45.98401899,-112.540325,
27,NE,45.98413901,-112.540189,
27,NW,45.98413901,-112.540325,
28,SE,45.98445399,-112.540189,
28,SW,45.98445399,-112.540325,
28,NE,45.98457401,-112.540189,
28,NW,45.98457401,-112.540325,
29,SE,45.98459399,-112.540189,
29,SW,45.98459399,-112.540325,
29,NE,45.98471401,-112.540189,
29,NW,45.98471401,-112.540325,
30,SE,45.98472999,-112.540189,
30,SW,45.98472999,-112.540325,
30,NE,45.98485001,-112.540189,
30,NW,45.98485001,-112.540325,
31,SE,45.98472999,-112.540034,
31,SW,45.98472999,-112.54017,
31,NE,45.98485001,-112.540034,
31,NW,45.98485001,-112.54017,
32,SE,45.98459399,-112.540034,
32,SW,45.98459399,-112.54017,
32,NE,45.98471401,-112.540034,
32,NW,45.98471401,-112.54017,
33,SE,45.98445399,-112.540034,
33,SW,45.98445399,-112.54017,
33,NE,45.98457401,-112.540034,
33,NW,45.98457401,-112.54017,
34,SE,45.98401899,-112.540034,
34,SW,45.98401899,-112.54017,
34,NE,45.98413901,-112.540034,
34,NW,45.98413901,-112.54017,
35,SE,45.98387699,-112.540034,
35,SW,45.98387699,-112.54017,
35,NE,45.98399701,-112.540034,
35,NW,45.98399701,-112.54017,
36,SE,45.98373999,-112.540034,
36,SW,45.98373999,-112.54017,
36,NE,45.98386001,-112.540034,
36,NW,45.98386001,-112.54017,
37,SE,45.98373999,-112.53984,
37,SW,45.98373999,-112.539976,
37,NE,45.98386001,-112.53984,
37,NW,45.98386001,-112.539976,
38,SE,45.98387699,-112.53984,
38,SW,45.98387699,-112.539976,
38,NE,45.98399701,-112.53984,
38,NW,45.98399701,-112.539976,
39,SE,45.98401899,-112.53984,
39,SW,45.98401899,-112.539976,
39,NE,45.98413901,-112.53984,
39,NW,45.98413901,-112.539976,
40,SE,45.98445399,-112.53984,
40,SW,45.98445399,-112.539976,
40,NE,45.98457401,-112.53984,
40,NW,45.98457401,-112.539976,
41,SE,45.98459399,-112.53984,
41,SW,45.98459399,-112.539976,
41,NE,45.98471401,-112.53984,
41,NW,45.98471401,-112.539976,
42,SE,45.98472999,-112.53984,
42,SW,45.98472999,-112.539976,
42,NE,45.98485001,-112.53984,
42,NW,45.98485001,-112.539976,
43,SE,45.98472999,-112.539682,
43,SW,45.98472999,-112.539818,
43,NE,45.98485001,-112.539682,
43,NW,45.98485001,-112.539818,
44,SE,45.98459399,-112.539682,
44,SW,45.98459399,-112.539818,
44,NE,45.98471401,-112.539682,
44,NW,45.98471401,-112.539818,
45,SE,45.98445399,-112.539682,
45,SW,45.98445399,-112.539818,
45,NE,45.98457401,-112.539682,
45,NW,45.98457401,-112.539818,
46,SE,45.98401899,-112.539682,
46,SW,45.98401899,-112.539818,
46,NE,45.98413901,-112.539682,
46,NW,45.98413901,-112.539818,
47,SE,45.98387699,-112.539682,
47,SW,45.98387699,-112.539818,
47,NE,45.98399701,-112.539682,
47,NW,45.98399701,-112.539818,
48,SE,45.98373999,-112.539682,
48,SW,45.98373999,-112.539818,
48,NE,45.98386001,-112.539682,
48,NW,45.98386001,-112.539818,
49,SE,45.98373999,-112.539524,
49,SW,45.98373999,-112.53966,
49,NE,45.98386001,-112.539524,
49,NW,45.98386001,-112.53966,
50,SE,45.98387699,-112.539524,
50,SW,45.98387699,-112.53966,
50,NE,45.98399701,-112.539524,
50,NW,45.98399701,-112.53966,
51,SE,45.98401899,-112.539524,
51,SW,45.98401899,-112.53966,
51,NE,45.98413901,-112.539524,
51,NW,45.98413901,-112.53966,
52,SE,45.98415199,-112.539524,
52,SW,45.98415199,-112.53966,
52,NE,45.98427201,-112.539524,
52,NW,45.98427201,-112.53966,
53,SE,45.98431899,-112.539524,
53,SW,45.98431899,-112.53966,
53,NE,45.98443901,-112.539524,
53,NW,45.98443901,-112.53966,
54,SE,45.98445399,-112.539524,
54,SW,45.98445399,-112.53966,
54,NE,45.98457401,-112.539524,
54,NW,45.98457401,-112.53966,
55,SE,45.98459399,-112.539524,
55,SW,45.98459399,-112.53966,
55,NE,45.98471401,-112.539524,
55,NW,45.98471401,-112.53966,
56,SE,45.98472999,-112.539524,
56,SW,45.98472999,-112.53966,
56,NE,45.98485001,-112.539524,
56,NW,45.98485001,-112.53966,
57,SE,45.98472999,-112.539368,
57,SW,45.98472999,-112.539504,
57,NE,45.98485001,-112.539368,
57,NW,45.98485001,-112.539504,
58,SE,45.98459399,-112.539368,
58,SW,45.98459399,-112.539504,
58,NE,45.98471401,-112.539368,
58,NW,45.98471401,-112.539504,
59,SE,45.98445399,-112.539368,
59,SW,45.98445399,-112.539504,
59,NE,45.98457401,-112.539368,
59,NW,45.98457401,-112.539504,
60,SE,45.98431899,-112.539368,
60,SW,45.98431899,-112.539504,
60,NE,45.98443901,-112.539368,
60,NW,45.98443901,-112.539504,
61,SE,45.98415199,-112.539368,
61,SW,45.98415199,-112.539504,
61,NE,45.98427201,-112.539368,
61,NW,45.98427201,-112.539504,
62,SE,45.98401899,-112.539368,
62,SW,45.98401899,-112.539504,
62,NE,45.98413901,-112.539368,
62,NW,45.98413901,-112.539504,
63,SE,45.98387699,-112.539368,
63,SW,45.98387699,-112.539504,
63,NE,45.98399701,-112.539368,
63,NW,45.98399701,-112.539504,
64,SE,45.98373999,-112.539368,
64,SW,45.98373999,-112.539504,
64,NE,45.98386001,-112.539368,
64,NW,45.98386001,-112.539504,
65,SE,45.98373999,-112.539208,
65,SW,45.98373999,-112.539344,
65,NE,45.98386001,-112.539208,
65,NW,45.98386001,-112.539344,
66,SE,45.98387699,-112.539208,
66,SW,45.98387699,-112.539344,
66,NE,45.98399701,-112.539208,
66,NW,45.98399701,-112.539344,
67,SE,45.98401899,-112.539208,
67,SW,45.98401899,-112.539344,
67,NE,45.98413901,-112.539208,
67,NW,45.98413901,-112.539344,
68,SE,45.98415199,-112.539208,
68,SW,45.98415199,-112.539344,
68,NE,45.98427201,-112.539208,
68,NW,45.98427201,-112.539344,
69,SE,45.984317,-112.539224,
69,SW,45.98431899,-112.539344,
69,NE,45.98443901,-112.539208,
69,NW,45.98443901,-112.539344,
70,SE,45.98445399,-112.539208,
70,SW,45.98445399,-112.539344,
70,NE,45.98457401,-112.539208,
70,NW,45.98457401,-112.539344,
71,SE,45.98459399,-112.539208,
71,SW,45.98459399,-112.539344,
71,NE,45.98471401,-112.539208,
71,NW,45.98471401,-112.539344,
72,SE,45.98472999,-112.539208,
72,SW,45.98472999,-112.539344,
72,NE,45.98485001,-112.539208,
72,NW,45.98485001,-112.539344,
73,SE,45.98360399,-112.540655,
73,SW,45.98360399,-112.540791,
73,NE,45.98372401,-112.540655,
73,NW,45.98372401,-112.540791,
74,SE,45.98360399,-112.540506,
74,SW,45.98360399,-112.540642,
74,NE,45.98372401,-112.540506,
74,NW,45.98372401,-112.540642,
75,SE,45.98360399,-112.540355,
75,SW,45.98360399,-112.540491,
75,NE,45.98372401,-112.540355,
75,NW,45.98372401,-112.540491,
76,SE,45.98360399,-112.540189,
76,SW,45.98360399,-112.540325,
76,NE,45.98372401,-112.540189,
76,NW,45.98372401,-112.540325,
77,SE,45.98360399,-112.540034,
77,SW,45.98360399,-112.54017,
77,NE,45.98372401,-112.540034,
77,NW,45.98372401,-112.54017,
78,SE,45.98360399,-112.53984,
78,SW,45.98360399,-112.539976,
78,NE,45.98372401,-112.53984,
78,NW,45.98372401,-112.539976,
79,SE,45.98360399,-112.539682,
79,SW,45.98360399,-112.539818,
79,NE,45.98372401,-112.539682,
79,NW,45.98372401,-112.539818,
80,SE,45.98360399,-112.539524,
80,SW,45.98360399,-112.53966,
80,NE,45.98372401,-112.539524,
80,NW,45.98372401,-112.53966,
81,SE,45.98360399,-112.539368,
81,SW,45.98360399,-112.539504,
81,NE,45.98372401,-112.539368,
81,NW,45.98372401,-112.539504,
82,SE,45.98360399,-112.539208,
82,SW,45.98360399,-112.539344,
82,NE,45.98372401,-112.539208,
82,NW,45.98372401,-112.539344,
83,SE,45.98346599,-112.540655,
83,SW,45.98346599,-112.540791,
83,NE,45.98358601,-112.540655,
83,NW,45.98358601,-112.540791,
84,SE,45.98346599,-112.540506,
84,SW,45.98346599,-112.540642,
84,NE,45.98358601,-112.540506,
84,NW,45.98358601,-112.540642,
85,SE,45.98346599,-112.540355,
85,SW,45.98346599,-112.540491,
85,NE,45.98358601,-112.540355,
85,NW,45.98358601,-112.540491,
86,SE,45.98346599,-112.540189,
86,SW,45.98346599,-112.540325,
86,NE,45.98358601,-112.540189,
86,NW,45.98358601,-112.540325,
87,SE,45.98346599,-112.540034,
87,SW,45.98346599,-112.54017,
87,NE,45.98358601,-112.540034,
87,NW,45.98358601,-112.54017,
88,SE,45.98346599,-112.53984,
88,SW,45.98346599,-112.539976,
88,NE,45.98358601,-112.53984,
88,NW,45.98358601,-112.539976,
89,SE,45.98346599,-112.539682,
89,SW,45.98346599,-112.539818,
89,NE,45.98358601,-112.539682,
89,NW,45.98358601,-112.539818,
90,SE,45.98346599,-112.539524,
90,SW,45.98346599,-112.53966,
90,NE,45.98358601,-112.539524,
90,NW,45.98358601,-112.53966,
91,SE,45.98346599,-112.539368,
91,SW,45.98346599,-112.539504,
91,NE,45.98358601,-112.539368,
91,NW,45.98358601,-112.539504,
92,SE,45.98346599,-112.539208,
92,SW,45.98346599,-112.539344,
92,NE,45.98358601,-112.539208,
92,NW,45.98358601,-112.539344,
93,SE,0,0,Review this
93,SW,0,0,Review this
93,NE,0,0,Review this
93,NW,0,0,Review this
94,SE,0,0,Review this
94,SW,0,0,Review this
94,NE,0,0,Review this
94,NW,0,0,Review this
95,SE,0,0,Review this
95,SW,0,0,Review this
95,NE,0,0,Review this
95,NW,0,0,Review this
96,SE,0,0,Review this
96,SW,0,0,Review this
96,NE,0,0,Review this
96,NW,0,0,Review this
97,SE,0,0,Review this
97,SW,0,0,Review this
97,NE,0,0,Review this
97,NW,0,0,Review this
98,SE,0,0,Review this
98,SW,0,0,Review this
98,NE,0,0,Review this
98,NW,0,0,Review this
99,SE,0,0,Review this
99,SW,0,0,Review this
99,NE,0,0,Review this
99,NW,0,0,Review this
100,SE,0,0,Review this
100,SW,0,0,Review this
100,NE,0,0,Review this
100,NW,0,0,Review this
101,SE,45.98486399,-112.540655,
101,SW,45.98486399,-112.540791,
101,NE,45.98498401,-112.540655,
101,NW,45.98498401,-112.540791,
102,SE,45.98486399,-112.540506,
102,SW,45.98486399,-112.540642,
102,NE,45.98498401,-112.540506,
102,NW,45.98498401,-112.540642,
103,SE,45.98486399,-112.540355,
103,SW,45.98486399,-112.540491,
103,NE,45.98498401,-112.540355,
103,NW,45.98498401,-112.540491,
104,SE,45.98486399,-112.540189,
104,SW,45.98486399,-112.540325,
104,NE,45.98498401,-112.540189,
104,NW,45.98498401,-112.540325,
105,SE,45.98486399,-112.540034,
105,SW,45.98486399,-112.54017,
105,NE,45.98498401,-112.540034,
105,NW,45.98498401,-112.54017,
106,SE,45.98486399,-112.53984,
106,SW,45.98486399,-112.539976,
106,NE,45.98498401,-112.53984,
106,NW,45.98498401,-112.539976,
107,SE,45.98486399,-112.539682,
107,SW,45.98486399,-112.539818,
107,NE,45.98498401,-112.539682,
107,NW,45.98498401,-112.539818,
108,SE,45.98486399,-112.539524,
108,SW,45.98486399,-112.53966,
108,NE,45.98498401,-112.539524,
108,NW,45.98498401,-112.53966,
109,SE,45.98486399,-112.539368,
109,SW,45.98486399,-112.539504,
109,NE,45.98498401,-112.539368,
109,NW,45.98498401,-112.539504,
110,SE,45.98486399,-112.539208,
110,SW,45.98486399,-112.539344,
110,NE,45.98498401,-112.539208,
110,NW,45.98498401,-112.539344,
111,SE,45.98501099,-112.540655,
111,SW,45.98501099,-112.540791,
111,NE,45.98513101,-112.540655,
111,NW,45.98513101,-112.540791,
112,SE,45.98501099,-112.540506,
112,SW,45.98501099,-112.540642,
112,NE,45.98513101,-112.540506,
112,NW,45.98513101,-112.540642,
113,SE,45.98501099,-112.540355,
113,SW,45.98501099,-112.540491,
113,NE,45.98513101,-112.540355,
113,NW,45.98513101,-112.540491,
114,SE,45.98501099,-112.540189,
114,SW,45.98501099,-112.540325,
114,NE,45.98513101,-112.540189,
114,NW,45.98513101,-112.540325,
115,SE,45.98501099,-112.540034,
115,SW,45.98501099,-112.54017,
115,NE,45.98513101,-112.540034,
115,NW,45.98513101,-112.54017,
116,SE,45.98501099,-112.53984,
116,SW,45.98501099,-112.539976,
116,NE,45.98513101,-112.53984,
116,NW,45.98513101,-112.539976,
117,SE,45.98501099,-112.539682,
117,SW,45.98501099,-112.539818,
117,NE,45.98513101,-112.539682,
117,NW,45.98513101,-112.539818,
118,SE,45.98501099,-112.539524,
118,SW,45.98501099,-112.53966,
118,NE,45.98513101,-112.539524,
118,NW,45.98513101,-112.53966,
119,SE,45.98501099,-112.539368,
119,SW,45.98501099,-112.539504,
119,NE,45.98513101,-112.539368,
119,NW,45.98513101,-112.539504,
120,SE,45.98501099,-112.539208,
120,SW,45.98501099,-112.539344,
120,NE,45.98513101,-112.539208,
120,NW,45.98513101,-112.539344,
121,SE,45.98514799,-112.540655,
121,SW,45.98514799,-112.540791,
121,NE,45.98526801,-112.540655,
121,NW,45.98526801,-112.540791,
122,SE,45.98514799,-112.540506,
122,SW,45.98514799,-112.540642,
122,NE,45.98526801,-112.540506,
122,NW,45.98526801,-112.540642,
123,SE,45.98514799,-112.540355,
123,SW,45.98514799,-112.540491,
123,NE,45.98526801,-112.540355,
123,NW,45.98526801,-112.540491,
124,SE,45.98514799,-112.540189,
124,SW,45.98514799,-112.540325,
124,NE,45.98526801,-112.540189,
124,NW,45.98526801,-112.540325,
125,SE,45.98514799,-112.540034,
125,SW,45.98514799,-112.54017,
125,NE,45.98526801,-112.540034,
125,NW,45.98526801,-112.54017,
126,SE,45.98514799,-112.53984,
126,SW,45.98514799,-112.539976,
126,NE,45.98526801,-112.53984,
126,NW,45.98526801,-112.539976,
127,SE,45.98514799,-112.539682,
127,SW,45.98514799,-112.539818,
127,NE,45.98526801,-112.539682,
127,NW,45.98526801,-112.539818,
128,SE,45.98514799,-112.539524,
128,SW,45.98514799,-112.53966,
128,NE,45.98526801,-112.539524,
128,NW,45.98526801,-112.53966,
129,SE,45.98514799,-112.539368,
129,SW,45.98514799,-112.539504,
129,NE,45.98526801,-112.539368,
129,NW,45.98526801,-112.539504,
130,SE,45.98514799,-112.539208,
130,SW,45.98514799,-112.539344,
130,NE,45.98526801,-112.539208,
130,NW,45.98526801,-112.539344,
131,SE,45.98527999,-112.540655,
131,SW,45.98527999,-112.540791,
131,NE,45.98540001,-112.540655,
131,NW,45.98540001,-112.540791,
132,SE,45.98527999,-112.540506,
132,SW,45.98527999,-112.540642,
132,NE,45.98540001,-112.540506,
132,NW,45.98540001,-112.540642,
133,SE,45.98527999,-112.540355,
133,SW,45.98527999,-112.540491,
133,NE,45.98540001,-112.540355,
133,NW,45.98540001,-112.540491,
134,SE,45.98527999,-112.540189,
134,SW,45.98527999,-112.540325,
134,NE,45.98540001,-112.540189,
134,NW,45.98540001,-112.540325,
135,SE,45.98527999,-112.540034,
135,SW,45.98527999,-112.54017,
135,NE,45.98540001,-112.540034,
135,NW,45.98540001,-112.54017,
136,SE,45.98527999,-112.53984,
136,SW,45.98527999,-112.539976,
136,NE,45.98540001,-112.53984,
136,NW,45.98540001,-112.539976,
137,SE,45.98527999,-112.539682,
137,SW,45.98527999,-112.539818,
137,NE,45.98540001,-112.539682,
137,NW,45.98540001,-112.539818,
138,SE,45.98527999,-112.539524,
138,SW,45.98527999,-112.53966,
138,NE,45.98540001,-112.539524,
138,NW,45.98540001,-112.53966,
139,SE,45.98527999,-112.539368,
139,SW,45.98527999,-112.539504,
139,NE,45.98540001,-112.539368,
139,NW,45.98540001,-112.539504,
140,SE,45.98527999,-112.539208,
140,SW,45.98527999,-112.539344,
140,NE,45.98540001,-112.539208,
140,NW,45.98540001,-112.539344,
141,SE,45.98542199,-112.540655,
141,SW,45.98542199,-112.540791,
141,NE,45.98554201,-112.540655,
141,NW,45.98554201,-112.540791,
142,SE,45.98542199,-112.540506,
142,SW,45.98542199,-112.540642,
142,NE,45.98554201,-112.540506,
142,NW,45.98554201,-112.540642,
143,SE,45.98542199,-112.540355,
143,SW,45.98542199,-112.540491,
143,NE,45.98554201,-112.540355,
143,NW,45.98554201,-112.540491,
144,SE,45.98542199,-112.540189,
144,SW,45.98542199,-112.540325,
144,NE,45.98554201,-112.540189,
144,NW,45.98554201,-112.540325,
145,SE,45.98542199,-112.540034,
145,SW,45.98542199,-112.54017,
145,NE,45.98554201,-112.540034,
145,NW,45.98554201,-112.54017,
146,SE,45.98542199,-112.53984,
146,SW,45.98542199,-112.539976,
146,NE,45.98554201,-112.53984,
146,NW,45.98554201,-112.539976,
147,SE,45.98542199,-112.539682,
147,SW,45.98542199,-112.539818,
147,NE,45.98554201,-112.539682,
147,NW,45.98554201,-112.539818,
148,SE,45.98542199,-112.539524,
148,SW,45.98542199,-112.53966,
148,NE,45.98554201,-112.539524,
148,NW,45.98554201,-112.53966,
149,SE,45.98542199,-112.539368,
149,SW,45.98542199,-112.539504,
149,NE,45.98554201,-112.539368,
149,NW,45.98554201,-112.539504,
150,SE,45.98542199,-112.539208,
150,SW,45.98542199,-112.539344,
150,NE,45.98554201,-112.539208,
150,NW,45.98554201,-112.539344,
151,SE,45.98555099,-112.540655,
151,SW,45.98555099,-112.540791,
151,NE,45.98567101,-112.540655,
151,NW,45.98567101,-112.540791,
152,SE,45.98555099,-112.540506,
152,SW,45.98555099,-112.540642,
152,NE,45.98567101,-112.540506,
152,NW,45.98567101,-112.540642,
153,SE,45.98555099,-112.540355,
153,SW,45.98555099,-112.540491,
153,NE,45.98567101,-112.540355,
153,NW,45.98567101,-112.540491,
154,SE,45.98555099,-112.540189,
154,SW,45.98555099,-112.540325,
154,NE,45.98567101,-112.540189,
154,NW,45.98567101,-112.540325,
155,SE,45.98555099,-112.540034,
155,SW,45.98555099,-112.54017,
155,NE,45.98567101,-112.540034,
155,NW,45.98567101,-112.54017,
156,SE,45.98555099,-112.53984,
156,SW,45.98555099,-112.539976,
156,NE,45.98567101,-112.53984,
156,NW,45.985665,-112.539972,
157,SE,45.98555099,-112.539682,
157,SW,45.98555099,-112.539818,
157,NE,45.98567101,-112.539682,
157,NW,45.98567101,-112.539818,
158,SE,45.98555099,-112.539524,
158,SW,45.98555099,-112.53966,
158,NE,45.98567101,-112.539524,
158,NW,45.98567101,-112.53966,
159,SE,45.98555099,-112.539368,
159,SW,45.98555099,-112.539504,
159,NE,45.98567101,-112.539368,
159,NW,45.98567101,-112.539504,
160,SE,45.98555099,-112.539208,
160,SW,45.98555099,-112.539344,
160,NE,45.98567101,-112.539208,
160,NW,45.98567101,-112.539344,
161,SE,45.98555099,-112.540858,
161,SW,45.98555099,-112.540994,
161,NE,45.98567101,-112.540858,
161,NW,45.98567101,-112.540994,
162,SE,45.98542199,-112.540858,
162,SW,45.98542199,-112.540994,
162,NE,45.98554201,-112.540858,
162,NW,45.98554201,-112.540994,
163,SE,45.98527999,-112.540858,
163,SW,45.98527999,-112.540994,
163,NE,45.98540001,-112.540858,
163,NW,45.98540001,-112.540994,
164,SE,45.98514799,-112.540858,
164,SW,45.98514799,-112.540994,
164,NE,45.98526801,-112.540858,
164,NW,45.98526801,-112.540994,
165,SE,45.98501099,-112.540858,
165,SW,45.98501099,-112.540994,
165,NE,45.98513101,-112.540858,
165,NW,45.98513101,-112.540994,
166,SE,45.98486399,-112.540858,
166,SW,45.98486399,-112.540994,
166,NE,45.98498401,-112.540858,
166,NW,45.98498401,-112.540994,
167,SE,45.98472999,-112.540858,
167,SW,45.98472999,-112.540994,
167,NE,45.98485001,-112.540858,
167,NW,45.98485001,-112.540994,
168,SE,45.98459399,-112.540858,
168,SW,45.98459399,-112.540994,
168,NE,45.98471401,-112.540858,
168,NW,45.98471401,-112.540994,
169,SE,45.98445399,-112.540858,
169,SW,45.98445399,-112.540994,
169,NE,45.98457401,-112.540858,
169,NW,45.98457401,-112.540994,
170,SE,45.98431899,-112.540858,
170,SW,45.98431899,-112.540994,
170,NE,45.98443901,-112.540858,
170,NW,45.98443901,-112.540994,
171,SE,45.98415199,-112.540858,
171,SW,45.98415199,-112.540994,
171,NE,45.98427201,-112.540858,
171,NW,45.98427201,-112.540994,
172,SE,45.98401899,-112.540858,
172,SW,45.98401899,-112.540994,
172,NE,45.98413901,-112.540858,
172,NW,45.98413901,-112.540994,
173,SE,45.98387699,-112.540858,
173,SW,45.98387699,-112.540994,
173,NE,45.98399701,-112.540858,
173,NW,45.98399701,-112.540994,
174,SE,45.98373999,-112.540858,
174,SW,45.98373999,-112.540994,
174,NE,45.98386001,-112.540858,
174,NW,45.98386001,-112.540994,
175,SE,45.98360399,-112.540858,
175,SW,45.98360399,-112.540994,
175,NE,45.98372401,-112.540858,
175,NW,45.98372401,-112.540994,
176,SE,45.98346599,-112.540858,
176,SW,45.98346599,-112.540994,
176,NE,45.98358601,-112.540858,
176,NW,45.98358601,-112.540994,
177,SE,45.98346599,-112.541026,
177,SW,45.98346599,-112.541162,
177,NE,45.98358601,-112.541026,
177,NW,45.98358601,-112.541162,
178,SE,45.98360399,-112.541026,
178,SW,45.98360399,-112.541162,
178,NE,45.98372401,-112.541026,
178,NW,45.98372401,-112.541162,
179,SE,45.98373999,-112.541026,
179,SW,45.98373999,-112.541162,
179,NE,45.98386001,-112.541026,
179,NW,45.98386001,-112.541162,
180,SE,45.98387699,-112.541026,
180,SW,45.98387699,-112.541162,
180,NE,45.98399701,-112.541026,
180,NW,45.98399701,-112.541162,
181,SE,45.98401899,-112.541026,
181,SW,45.98401899,-112.541162,
181,NE,45.98413901,-112.541026,
181,NW,45.98413901,-112.541162,
182,SE,45.98415199,-112.541026,
182,SW,45.98415199,-112.541162,
182,NE,45.98427201,-112.541026,
182,NW,45.98427201,-112.541162,
183,SE,45.98431899,-112.541026,
183,SW,45.98431899,-112.541162,
183,NE,45.98443901,-112.541026,
183,NW,45.98443901,-112.541162,
184,SE,45.98445399,-112.541026,
184,SW,45.98445399,-112.541162,
184,NE,45.98457401,-112.541026,
184,NW,45.98457401,-112.541162,
185,SE,45.98459399,-112.541026,
185,SW,45.98459399,-112.541162,
185,NE,45.98471401,-112.541026,
185,NW,45.98471401,-112.541162,
186,SE,45.98472999,-112.541026,
186,SW,45.98472999,-112.541162,
186,NE,45.98485001,-112.541026,
186,NW,45.98485001,-112.541162,
187,SE,45.98486399,-112.541026,
187,SW,45.98486399,-112.541162,
187,NE,45.98498401,-112.541026,
187,NW,45.98498401,-112.541162,
188,SE,45.98501099,-112.541026,
188,SW,45.98501099,-112.541162,
188,NE,45.98513101,-112.541026,
188,NW,45.98513101,-112.541162,
189,SE,45.98514799,-112.541026,
189,SW,45.98514799,-112.541162,
189,NE,45.98526801,-112.541026,
189,NW,45.98526801,-112.541162,
190,SE,45.98527999,-112.541026,
190,SW,45.98527999,-112.541162,
190,NE,45.98540001,-112.541026,
190,NW,45.98540001,-112.541162,
191,SE,45.98542199,-112.541026,
191,SW,45.98542199,-112.541162,
191,NE,45.98554201,-112.541026,
191,NW,45.98554201,-112.541162,
192,SE,45.98555099,-112.541026,
192,SW,45.98555099,-112.541162,
192,NE,45.98567101,-112.541026,
192,NW,45.98567101,-112.541162,
193,SE,45.98555099,-112.541183,
193,SW,45.98555099,-112.541319,
193,NE,45.98567101,-112.541183,
193,NW,45.98567101,-112.541319,
194,SE,45.98542199,-112.541183,
194,SW,45.98542199,-112.541319,
194,NE,45.98554201,-112.541183,
194,NW,45.98554201,-112.541319,
195,SE,45.98527999,-112.541183,
195,SW,45.98527999,-112.541319,
195,NE,45.98540001,-112.541183,
195,NW,45.98540001,-112.541319,
196,SE,45.98514799,-112.541183,
196,SW,45.98514799,-112.541319,
196,NE,45.98526801,-112.541183,
196,NW,45.98526801,-112.541319,
197,SE,45.98501099,-112.541183,
197,SW,45.98501099,-112.541319,
197,NE,45.98513101,-112.541183,
197,NW,45.98513101,-112.541319,
198,SE,45.98486399,-112.541183,
198,SW,45.98486399,-112.541319,
198,NE,45.98498401,-112.541183,
198,NW,45.98498401,-112.541319,
199,SE,45.98472999,-112.541183,
199,SW,45.98472999,-112.541319,
199,NE,45.98485001,-112.541183,
199,NW,45.98485001,-112.541319,
200,SE,45.98459399,-112.541183,
200,SW,45.98459399,-112.541319,
200,NE,45.98471401,-112.541183,
200,NW,45.98471401,-112.541319,
201,SE,45.98445399,-112.541183,
201,SW,45.98445399,-112.541319,
201,NE,45.98457401,-112.541183,
201,NW,45.98457401,-112.541319,
202,SE,45.98431899,-112.541183,
202,SW,45.98431899,-112.541319,
202,NE,45.98443901,-112.541183,
202,NW,45.98443901,-112.541319,
203,SE,45.98415199,-112.541183,
203,SW,45.98415199,-112.541319,
203,NE,45.98427201,-112.541183,
203,NW,45.98427201,-112.541319,
204,SE,45.98401899,-112.541183,
204,SW,45.98401899,-112.541319,
204,NE,45.98413901,-112.541183,
204,NW,45.98413901,-112.541319,
205,SE,45.98387699,-112.541183,
205,SW,45.98387699,-112.541319,
205,NE,45.98399701,-112.541183,
205,NW,45.98399701,-112.541319,
206,SE,45.98373999,-112.541183,
206,SW,45.98373999,-112.541319,
206,NE,45.98386001,-112.541183,
206,NW,45.98386001,-112.541319,
207,SE,45.98360399,-112.541183,
207,SW,45.98360399,-112.541319,
207,NE,45.98372401,-112.541183,
207,NW,45.98372401,-112.541319,
208,SE,45.98346599,-112.541183,
208,SW,45.98346599,-112.541319,
208,NE,45.98358601,-112.541183,
208,NW,45.98358601,-112.541319,
209,SE,45.98346599,-112.541335,
209,SW,45.98346599,-112.541471,
209,NE,45.98358601,-112.541335,
209,NW,45.98358601,-112.541471,
210,SE,45.98360399,-112.541335,
210,SW,45.98360399,-112.541471,
210,NE,45.98372401,-112.541335,
210,NW,45.98372401,-112.541471,
211,SE,45.98373999,-112.541335,
211,SW,45.98373999,-112.541471,
211,NE,45.98386001,-112.541335,
211,NW,45.98386001,-112.541471,
212,SE,45.98387699,-112.541335,
212,SW,45.98387699,-112.541471,
212,NE,45.98399701,-112.541335,
212,NW,45.98399701,-112.541471,
213,SE,45.98401899,-112.541335,
213,SW,45.98401899,-112.541471,
213,NE,45.98413901,-112.541335,
213,NW,45.98413901,-112.541471,
214,SE,45.98415199,-112.541335,
214,SW,45.98415199,-112.541471,
214,NE,45.98427201,-112.541335,
214,NW,45.98427201,-112.541471,
215,SE,45.98431899,-112.541335,
215,SW,45.98431899,-112.541471,
215,NE,45.98443901,-112.541335,
215,NW,45.98443901,-112.541471,
216,SE,45.98445399,-112.541335,
216,SW,45.98445399,-112.541471,
216,NE,45.98457401,-112.541335,
216,NW,45.98457401,-112.541471,
217,SE,45.98459399,-112.541335,
217,SW,45.98459399,-112.541471,
217,NE,45.98471401,-112.541335,
217,NW,45.98471401,-112.541471,
218,SE,45.98472999,-112.541335,
218,SW,45.98472999,-112.541471,
218,NE,45.98485001,-112.541335,
218,NW,45.98485001,-112.541471,
219,SE,45.98486399,-112.541335,
219,SW,45.98486399,-112.541471,
219,NE,45.98498401,-112.541335,
219,NW,45.98498401,-112.541471,
220,SE,45.98501099,-112.541335,
220,SW,45.98501099,-112.541471,
220,NE,45.98513101,-112.541335,
220,NW,45.98513101,-112.541471,
221,SE,45.98514799,-112.541335,
221,SW,45.98514799,-112.541471,
221,NE,45.98526801,-112.541335,
221,NW,45.98526801,-112.541471,
222,SE,45.98527999,-112.541335,
222,SW,45.98527999,-112.541471,
222,NE,45.98540001,-112.541335,
222,NW,45.98540001,-112.541471,
223,SE,45.98542199,-112.541335,
223,SW,45.98542199,-112.541471,
223,NE,45.98554201,-112.541335,
223,NW,45.98554201,-112.541471,
224,SE,45.98555099,-112.541335,
224,SW,45.98555099,-112.541471,
224,NE,45.98567101,-112.541335,
224,NW,45.98567101,-112.541471,
225,SE,45.98555099,-112.541496,
225,SW,45.98555099,-112.541632,
225,NE,45.98567101,-112.541496,
225,NW,45.98567101,-112.541632,
226,SE,45.98542199,-112.541496,
226,SW,45.98542199,-112.541632,
226,NE,45.98554201,-112.541496,
226,NW,45.98554201,-112.541632,
227,SE,45.98527999,-112.541496,
227,SW,45.98527999,-112.541632,
227,NE,45.98540001,-112.541496,
227,NW,45.98540001,-112.541632,
228,SE,45.98514799,-112.541496,
228,SW,45.98514799,-112.541632,
228,NE,45.98526801,-112.541496,
228,NW,45.98526801,-112.541632,
229,SE,45.98501099,-112.541496,
229,SW,45.98501099,-112.541632,
229,NE,45.98513101,-112.541496,
229,NW,45.98513101,-112.541632,
230,SE,45.98486399,-112.541496,
230,SW,45.98486399,-112.541632,
230,NE,45.98498401,-112.541496,
230,NW,45.98498401,-112.541632,
231,SE,45.98472999,-112.541496,
231,SW,45.98472999,-112.541632,
231,NE,45.98485001,-112.541496,
231,NW,45.98485001,-112.541632,
232,SE,45.98459399,-112.541496,
232,SW,45.98459399,-112.541632,
232,NE,45.98471401,-112.541496,
232,NW,45.98471401,-112.541632,
233,SE,45.98445399,-112.541496,
233,SW,45.98445399,-112.541632,
233,NE,45.98457401,-112.541496,
233,NW,45.98457401,-112.541632,
234,SE,45.98431899,-112.541496,
234,SW,45.98431899,-112.541632,
234,NE,45.98443901,-112.541496,
234,NW,45.98443901,-112.541632,
235,SE,45.98415199,-112.541496,
235,SW,45.98415199,-112.541632,
235,NE,45.98427201,-112.541496,
235,NW,45.98427201,-112.541632,
236,SE,45.98401899,-112.541496,
236,SW,45.98401899,-112.541632,
236,NE,45.98413901,-112.541496,
236,NW,45.98413901,-112.541632,
237,SE,45.98387699,-112.541496,
237,SW,45.98387699,-112.541632,
237,NE,45.98399701,-112.541496,
237,NW,45.98399701,-112.541632,
238,SE,45.98373999,-112.541496,
238,SW,45.98373999,-112.541632,
238,NE,45.98386001,-112.541496,
238,NW,45.98386001,-112.541632,
239,SE,45.98360399,-112.541496,
239,SW,45.98360399,-112.541632,
239,NE,45.98372401,-112.541496,
239,NW,45.98372401,-112.541632,
240,SE,45.98346599,-112.541496,
240,SW,45.98346599,-112.541632,
240,NE,45.98358601,-112.541496,
240,NW,45.98358601,-112.541632,
241,SE,45.98346599,-112.541693,
241,SW,45.98346599,-112.541829,
241,NE,45.98358601,-112.541693,
241,NW,45.98358601,-112.541829,
242,SE,45.98360399,-112.541693,
242,SW,45.98360399,-112.541829,
242,NE,45.98372401,-112.541693,
242,NW,45.98372401,-112.541829,
243,SE,45.98373999,-112.541693,
243,SW,45.98373999,-112.541829,
243,NE,45.98386001,-112.541693,
243,NW,45.98386001,-112.541829,
244,SE,45.98387699,-112.541693,
244,SW,45.98387699,-112.541829,
244,NE,45.98399701,-112.541693,
244,NW,45.98399701,-112.541829,
245,SE,45.98401899,-112.541693,
245,SW,45.98401899,-112.541829,
245,NE,45.98413901,-112.541693,
245,NW,45.98413901,-112.541829,
246,SE,45.98415199,-112.541693,
246,SW,45.98415199,-112.541829,
246,NE,45.98427201,-112.541693,
246,NW,45.98427201,-112.541829,
247,SE,45.98431899,-112.541693,
247,SW,45.98431899,-112.541829,
247,NE,45.98443901,-112.541693,
247,NW,45.98443901,-112.541829,
248,SE,45.98445399,-112.541693,
248,SW,45.98445399,-112.541829,
248,NE,45.98457401,-112.541693,
248,NW,45.98457401,-112.541829,
249,SE,45.98459399,-112.541693,
249,SW,45.98459399,-112.541829,
249,NE,45.98471401,-112.541693,
249,NW,45.98471401,-112.541829,
250,SE,45.98472999,-112.541693,
250,SW,45.98472999,-112.541829,
250,NE,45.98485001,-112.541693,
250,NW,45.98485001,-112.541829,
251,SE,45.98486399,-112.541693,
251,SW,45.98486399,-112.541829,
251,NE,45.98498401,-112.541693,
251,NW,45.98498401,-112.541829,
252,SE,45.98501099,-112.541693,
252,SW,45.98501099,-112.541829,
252,NE,45.98513101,-112.541693,
252,NW,45.98513101,-112.541829,
253,SE,45.98514799,-112.541693,
253,SW,45.98514799,-112.541829,
253,NE,45.98526801,-112.541693,
253,NW,45.98526801,-112.541829,
254,SE,45.98527999,-112.541693,
254,SW,45.98527999,-112.541829,
254,NE,45.98540001,-112.541693,
254,NW,45.98540001,-112.541829,
255,SE,45.98542199,-112.541693,
255,SW,45.98542199,-112.541829,
255,NE,45.98554201,-112.541693,
255,NW,45.98554201,-112.541829,
256,SE,45.98555099,-112.541693,
256,SW,45.98555099,-112.541829,
256,NE,45.98567101,-112.541693,
256,NW,45.98567101,-112.541829,
257,SE,45.98555099,-112.541837,
257,SW,45.98555099,-112.541973,
257,NE,45.98567101,-112.541837,
257,NW,45.98567101,-112.541973,
258,SE,45.98542199,-112.541837,
258,SW,45.98542199,-112.541973,
258,NE,45.98554201,-112.541837,
258,NW,45.98554201,-112.541973,
259,SE,45.98527999,-112.541837,
259,SW,45.98527999,-112.541973,
259,NE,45.98540001,-112.541837,
259,NW,45.98540001,-112.541973,
260,SE,45.98514799,-112.541837,
260,SW,45.98514799,-112.541973,
260,NE,45.98526801,-112.541837,
260,NW,45.98526801,-112.541973,
261,SE,45.98501099,-112.541837,
261,SW,45.98501099,-112.541973,
261,NE,45.98513101,-112.541837,
261,NW,45.98513101,-112.541973,
262,SE,45.98486399,-112.541837,
262,SW,45.98486399,-112.541973,
262,NE,45.98498401,-112.541837,
262,NW,45.98498401,-112.541973,
263,SE,45.98472999,-112.541837,
263,SW,45.98472999,-112.541973,
263,NE,45.98485001,-112.541837,
263,NW,45.98485001,-112.541973,
264,SE,45.98459399,-112.541837,
264,SW,45.98459399,-112.541973,
264,NE,45.98471401,-112.541837,
264,NW,45.98471401,-112.541973,
265,SE,45.98445399,-112.541837,
265,SW,45.98445399,-112.541973,
265,NE,45.98457401,-112.541837,
265,NW,45.98457401,-112.541973,
266,SE,45.98431899,-112.541837,
266,SW,45.98431899,-112.541973,
266,NE,45.98443901,-112.541837,
266,NW,45.98443901,-112.541973,
267,SE,45.98415199,-112.541837,
267,SW,45.98415199,-112.541973,
267,NE,45.98427201,-112.541837,
267,NW,45.98427201,-112.541973,
268,SE,45.98401899,-112.541837,
268,SW,45.98401899,-112.541973,
268,NE,45.98413901,-112.541837,
268,NW,45.98413901,-112.541973,
269,SE,45.98387699,-112.541837,
269,SW,45.98387699,-112.541973,
269,NE,45.98399701,-112.541837,
269,NW,45.98399701,-112.541973,
270,SE,45.98373999,-112.541837,
270,SW,45.98373999,-112.541973,
270,NE,45.98386001,-112.541837,
270,NW,45.98386001,-112.541973,
271,SE,45.98360399,-112.541837,
271,SW,45.98360399,-112.541973,
271,NE,45.98372401,-112.541837,
271,NW,45.98372401,-112.541973,
272,SE,45.98346599,-112.541837,
272,SW,45.98346599,-112.541973,
272,NE,45.98358601,-112.541837,
272,NW,45.98358601,-112.541973,
273,SE,45.98346599,-112.542009,
273,SW,45.98346599,-112.542145,
273,NE,45.98358601,-112.542009,
273,NW,45.98358601,-112.542145,
274,SE,45.98360399,-112.542009,
274,SW,45.98360399,-112.542145,
274,NE,45.98372401,-112.542009,
274,NW,45.98372401,-112.542145,
275,SE,45.98373999,-112.542009,
275,SW,45.98373999,-112.542145,
275,NE,45.98386001,-112.542009,
275,NW,45.98386001,-112.542145,
276,SE,45.98387699,-112.542009,
276,SW,45.98387699,-112.542145,
276,NE,45.98399701,-112.542009,
276,NW,45.98399701,-112.542145,
277,SE,45.98401899,-112.542009,
277,SW,45.98401899,-112.542145,
277,NE,45.98413901,-112.542009,
277,NW,45.98413901,-112.542145,
278,SE,45.98415199,-112.542009,
278,SW,45.98415199,-112.542145,
278,NE,45.98427201,-112.542009,
278,NW,45.98427201,-112.542145,
279,SE,45.98431899,-112.542009,
279,SW,45.98431899,-112.542145,
279,NE,45.98443901,-112.542009,
279,NW,45.98443901,-112.542145,
280,SE,45.98445399,-112.542009,
280,SW,45.98445399,-112.542145,
280,NE,45.98457401,-112.542009,
280,NW,45.98457401,-112.542145,
281,SE,45.98459399,-112.542009,
281,SW,45.98459399,-112.542145,
281,NE,45.98471401,-112.542009,
281,NW,45.98471401,-112.542145,
282,SE,45.98472999,-112.542009,
282,SW,45.98472999,-112.542145,
282,NE,45.98485001,-112.542009,
282,NW,45.98485001,-112.542145,
283,SE,45.98486399,-112.542009,
283,SW,45.98486399,-112.542145,
283,NE,45.98498401,-112.542009,
283,NW,45.98498401,-112.542145,
284,SE,45.98501099,-112.542009,
284,SW,45.98501099,-112.542145,
284,NE,45.98513101,-112.542009,
284,NW,45.98513101,-112.542145,
285,SE,45.98514799,-112.542009,
285,SW,45.98514799,-112.542145,
285,NE,45.98526801,-112.542009,
285,NW,45.98526801,-112.542145,
286,SE,45.98527999,-112.542009,
286,SW,45.98527999,-112.542145,
286,NE,45.98540001,-112.542009,
286,NW,45.98540001,-112.542145,
287,SE,45.98542199,-112.542009,
287,SW,45.98542199,-112.542145,
287,NE,45.98554201,-112.542009,
287,NW,45.98554201,-112.542145,
288,SE,45.98555099,-112.542009,
288,SW,45.98555099,-112.542145,
288,NE,45.98567101,-112.542009,
288,NW,45.98567101,-112.542145,
289,SE,45.98555099,-112.542157,
289,SW,45.98555099,-112.542293,
289,NE,45.98567101,-112.542157,
289,NW,45.98567101,-112.542293,
290,SE,45.98542199,-112.542157,
290,SW,45.98542199,-112.542293,
290,NE,45.98554201,-112.542157,
290,NW,45.98554201,-112.542293,
291,SE,45.98527999,-112.542157,
291,SW,45.98527999,-112.542293,
291,NE,45.98540001,-112.542157,
291,NW,45.98540001,-112.542293,
292,SE,45.98514799,-112.542157,
292,SW,45.98514799,-112.542293,
292,NE,45.98526801,-112.542157,
292,NW,45.98526801,-112.542293,
293,SE,45.98501099,-112.542157,
293,SW,45.98501099,-112.542293,
293,NE,45.98513101,-112.542157,
293,NW,45.98513101,-112.542293,
294,SE,45.98486399,-112.542157,
294,SW,45.98486399,-112.542293,
294,NE,45.98498401,-112.542157,
294,NW,45.98498401,-112.542293,
295,SE,45.98472999,-112.542157,
295,SW,45.98472999,-112.542293,
295,NE,45.98485001,-112.542157,
295,NW,45.98485001,-112.542293,
296,SE,45.98459399,-112.542157,
296,SW,45.98459399,-112.542293,
296,NE,45.98471401,-112.542157,
296,NW,45.98471401,-112.542293,
297,SE,45.98445399,-112.542157,
297,SW,45.98445399,-112.542293,
297,NE,45.98457401,-112.542157,
297,NW,45.98457401,-112.542293,
298,SE,45.98431899,-112.542157,
298,SW,45.98431899,-112.542293,
298,NE,45.98443901,-112.542157,
298,NW,45.98443901,-112.542293,
299,SE,45.98415199,-112.542157,
299,SW,45.98415199,-112.542293,
299,NE,45.98427201,-112.542157,
299,NW,45.98427201,-112.542293,
300,SE,45.98401899,-112.542157,
300,SW,45.98401899,-112.542293,
300,NE,45.98413901,-112.542157,
300,NW,45.98413901,-112.542293,
301,SE,45.98387699,-112.542157,
301,SW,45.98387699,-112.542293,
301,NE,45.98399701,-112.542157,
301,NW,45.98399701,-112.542293,
302,SE,45.98373999,-112.542157,
302,SW,45.98373999,-112.542293,
302,NE,45.98386001,-112.542157,
302,NW,45.98386001,-112.542293,
303,SE,45.98360399,-112.542157,
303,SW,45.98360399,-112.542293,
303,NE,45.98372401,-112.542157,
303,NW,45.98372401,-112.542293,
304,SE,45.98346599,-112.542157,
304,SW,45.98346599,-112.542293,
304,NE,45.98358601,-112.542157,
304,NW,45.98358601,-112.542293,
305,SE,45.98346599,-112.542315,
305,SW,45.98346599,-112.542451,
305,NE,45.98358601,-112.542315,
305,NW,45.98358601,-112.542451,
306,SE,45.98360399,-112.542315,
306,SW,45.98360399,-112.542451,
306,NE,45.98372401,-112.542315,
306,NW,45.98372401,-112.542451,
307,SE,45.98373999,-112.542315,
307,SW,45.98373999,-112.542451,
307,NE,45.98386001,-112.542315,
307,NW,45.98386001,-112.542451,
308,SE,45.98387699,-112.542315,
308,SW,45.98387699,-112.542451,
308,NE,45.98399701,-112.542315,
308,NW,45.98399701,-112.542451,
309,SE,45.98401899,-112.542315,
309,SW,45.98401899,-112.542451,
309,NE,45.98413901,-112.542315,
309,NW,45.98413901,-112.542451,
310,SE,45.98415199,-112.542315,
310,SW,45.98415199,-112.542451,
310,NE,45.98427201,-112.542315,
310,NW,45.98427201,-112.542451,
311,SE,45.98431899,-112.542315,
311,SW,45.98431899,-112.542451,
311,NE,45.98443901,-112.542315,
311,NW,45.98443901,-112.542451,
312,SE,45.98445399,-112.542315,
312,SW,45.98445399,-112.542451,
312,NE,45.98457401,-112.542315,
312,NW,45.98457401,-112.542451,
313,SE,45.98459399,-112.542315,
313,SW,45.98459399,-112.542451,
313,NE,45.98471401,-112.542315,
313,NW,45.98471401,-112.542451,
314,SE,45.98472999,-112.542315,
314,SW,45.98472999,-112.542451,
314,NE,45.98485001,-112.542315,
314,NW,45.98485001,-112.542451,
315,SE,45.98486399,-112.542315,
315,SW,45.98486399,-112.542451,
315,NE,45.98498401,-112.542315,
315,NW,45.98498401,-112.542451,
316,SE,45.98501099,-112.542315,
316,SW,45.98501099,-112.542451,
316,NE,45.98513101,-112.542315,
316,NW,45.98513101,-112.542451,
317,SE,45.98514799,-112.542315,
317,SW,45.98514799,-112.542451,
317,NE,45.98526801,-112.542315,
317,NW,45.98526801,-112.542451,
318,SE,45.98527999,-112.542315,
318,SW,45.98527999,-112.542451,
318,NE,45.98540001,-112.542315,
318,NW,45.98540001,-112.542451,
319,SE,45.98542199,-112.542315,
319,SW,45.98542199,-112.542451,
319,NE,45.98554201,-112.542315,
319,NW,45.98554201,-112.542451,
320,SE,45.98555099,-112.542315,
320,SW,45.98555099,-112.542451,
320,NE,45.98567101,-112.542315,
320,NW,45.98567101,-112.542451,
321,SE,45.98555099,-112.542525,
321,SW,45.98555099,-112.542661,
321,NE,45.98567101,-112.542525,
321,NW,45.98567101,-112.542661,
322,SE,45.98542199,-112.542525,
322,SW,45.98542199,-112.542661,
322,NE,45.98554201,-112.542525,
322,NW,45.98554201,-112.542661,
323,SE,45.98527999,-112.542525,
323,SW,45.98527999,-112.542661,
323,NE,45.98540001,-112.542525,
323,NW,45.98540001,-112.542661,
324,SE,45.98514799,-112.542525,
324,SW,45.98514799,-112.542661,
324,NE,45.98526801,-112.542525,
324,NW,45.98526801,-112.542661,
325,SE,45.98501099,-112.542525,
325,SW,45.98501099,-112.542661,
325,NE,45.98513101,-112.542525,
325,NW,45.98513101,-112.542661,
326,SE,45.98486399,-112.542525,
326,SW,45.98486399,-112.542661,
326,NE,45.98498401,-112.542525,
326,NW,45.98498401,-112.542661,
327,SE,45.98472999,-112.542525,
327,SW,45.98472999,-112.542661,
327,NE,45.98485001,-112.542525,
327,NW,45.98485001,-112.542661,
328,SE,45.98459399,-112.542525,
328,SW,45.98459399,-112.542661,
328,NE,45.98471401,-112.542525,
328,NW,45.98471401,-112.542661,
329,SE,45.98445399,-112.542525,
329,SW,45.98445399,-112.542661,
329,NE,45.98457401,-112.542525,
329,NW,45.98457401,-112.542661,
330,SE,45.98431899,-112.542525,
330,SW,45.98431899,-112.542661,
330,NE,45.98443901,-112.542525,
330,NW,45.98443901,-112.542661,
331,SE,45.98415199,-112.542525,
331,SW,45.98415199,-112.542661,
331,NE,45.98427201,-112.542525,
331,NW,45.98427201,-112.542661,
332,SE,45.98401899,-112.542525,
332,SW,45.98401899,-112.542661,
332,NE,45.98413901,-112.542525,
332,NW,45.98413901,-112.542661,
333,SE,45.98387699,-112.542525,
333,SW,45.98387699,-112.542661,
333,NE,45.98399701,-112.542525,
333,NW,45.98399701,-112.542661,
334,SE,45.98373999,-112.542525,
334,SW,45.98373999,-112.542661,
334,NE,45.98386001,-112.542525,
334,NW,45.98386001,-112.542661,
335,SE,45.98360399,-112.542525,
335,SW,45.98360399,-112.542661,
335,NE,45.98372401,-112.542525,
335,NW,45.98372401,-112.542661,
336,SE,45.98346599,-112.542525,
336,SW,45.98346599,-112.542661,
336,NE,45.98358601,-112.542525,
336,NW,45.98358601,-112.542661,
337,SE,45.98346599,-112.542676,
337,SW,45.98346599,-112.542812,
337,NE,45.98358601,-112.542676,
337,NW,45.98358601,-112.542812,
338,SE,45.98360399,-112.542676,
338,SW,45.98360399,-112.542812,
338,NE,45.98372401,-112.542676,
338,NW,45.98372401,-112.542812,
339,SE,45.98373999,-112.542676,
339,SW,45.98373999,-112.542812,
339,NE,45.98386001,-112.542676,
339,NW,45.98386001,-112.542812,
340,SE,45.98387699,-112.542676,
340,SW,45.98387699,-112.542812,
340,NE,45.98399701,-112.542676,
340,NW,45.98399701,-112.542812,
341,SE,45.98401899,-112.542676,
341,SW,45.98401899,-112.542812,
341,NE,45.98413901,-112.542676,
341,NW,45.98413901,-112.542812,
342,SE,45.98415199,-112.542676,
342,SW,45.98415199,-112.542812,
342,NE,45.98427201,-112.542676,
342,NW,45.98427201,-112.542812,
343,SE,45.98431899,-112.542676,
343,SW,45.98431899,-112.542812,
343,NE,45.98443901,-112.542676,
343,NW,45.98443901,-112.542812,
344,SE,45.98445399,-112.542676,
344,SW,45.98445399,-112.542812,
344,NE,45.98457401,-112.542676,
344,NW,45.98457401,-112.542812,
345,SE,45.98459399,-112.542676,
345,SW,45.98459399,-112.542812,
345,NE,45.98471401,-112.542676,
345,NW,45.98471401,-112.542812,
346,SE,45.98472999,-112.542676,
346,SW,45.98472999,-112.542812,
346,NE,45.98485001,-112.542676,
346,NW,45.98485001,-112.542812,
347,SE,45.98486399,-112.542676,
347,SW,45.98486399,-112.542812,
347,NE,45.98498401,-112.542676,
347,NW,45.98498401,-112.542812,
348,SE,45.98501099,-112.542676,
348,SW,45.98501099,-112.542812,
348,NE,45.98513101,-112.542676,
348,NW,45.98513101,-112.542812,
349,SE,45.98514799,-112.542676,
349,SW,45.98514799,-112.542812,
349,NE,45.98526801,-112.542676,
349,NW,45.98526801,-112.542812,
350,SE,45.98527999,-112.542676,
350,SW,45.98527999,-112.542812,
350,NE,45.98540001,-112.542676,
350,NW,45.98540001,-112.542812,
351,SE,45.98542199,-112.542676,
351,SW,45.98542199,-112.542812,
351,NE,45.98554201,-112.542676,
351,NW,45.98554201,-112.542812,
352,SE,45.98555099,-112.542676,
352,SW,45.98555099,-112.542812,
352,NE,45.98567101,-112.542676,
352,NW,45.98567101,-112.542812,
353,SE,45.98555099,-112.542835,
353,SW,45.98555099,-112.542971,
353,NE,45.98567101,-112.542835,
353,NW,45.98567101,-112.542971,
354,SE,45.98542199,-112.542835,
354,SW,45.98542199,-112.542971,
354,NE,45.98554201,-112.542835,
354,NW,45.98554201,-112.542971,
355,SE,45.98527999,-112.542835,
355,SW,45.98527999,-112.542971,
355,NE,45.98540001,-112.542835,
355,NW,45.98540001,-112.542971,
356,SE,45.98514799,-112.542835,
356,SW,45.98514799,-112.542971,
356,NE,45.98526801,-112.542835,
356,NW,45.98526801,-112.542971,
357,SE,45.98501099,-112.542835,
357,SW,45.98501099,-112.542971,
357,NE,45.98513101,-112.542835,
357,NW,45.98513101,-112.542971,
358,SE,45.98486399,-112.542835,
358,SW,45.98486399,-112.542971,
358,NE,45.98498401,-112.542835,
358,NW,45.98498401,-112.542971,
359,SE,45.98472999,-112.542835,
359,SW,45.98472999,-112.542971,
359,NE,45.98485001,-112.542835,
359,NW,45.98485001,-112.542971,
360,SE,45.98459399,-112.542835,
360,SW,45.98459399,-112.542971,
360,NE,45.98471401,-112.542835,
360,NW,45.98471401,-112.542971,
361,SE,45.98445399,-112.542835,
361,SW,45.98445399,-112.542971,
361,NE,45.98457401,-112.542835,
361,NW,45.98457401,-112.542971,
362,SE,45.98431899,-112.542835,
362,SW,45.98431899,-112.542971,
362,NE,45.98443901,-112.542835,
362,NW,45.98443901,-112.542971,
363,SE,45.98415199,-112.542835,
363,SW,45.98415199,-112.542971,
363,NE,45.98427201,-112.542835,
363,NW,45.98427201,-112.542971,
364,SE,45.98401899,-112.542835,
364,SW,45.98401899,-112.542971,
364,NE,45.98413901,-112.542835,
364,NW,45.98413901,-112.542971,
365,SE,45.98387699,-112.542835,
365,SW,45.98387699,-112.542971,
365,NE,45.98399701,-112.542835,
365,NW,45.98399701,-112.542971,
366,SE,45.98373999,-112.542835,
366,SW,45.98373999,-112.542971,
366,NE,45.98386001,-112.542835,
366,NW,45.98386001,-112.542971,
367,SE,45.98360399,-112.542835,
367,SW,45.98360399,-112.542971,
367,NE,45.98372401,-112.542835,
367,NW,45.98372401,-112.542971,
368,SE,45.98346599,-112.542835,
368,SW,45.98346599,-112.542971,
368,NE,45.98358601,-112.542835,
368,NW,45.98358601,-112.542971,
369,SE,45.98346599,-112.542996,
369,SW,45.98346599,-112.543132,
369,NE,45.98358601,-112.542996,
369,NW,45.98358601,-112.543132,
370,SE,45.98360399,-112.542996,
370,SW,45.98360399,-112.543132,
370,NE,45.98372401,-112.542996,
370,NW,45.98372401,-112.543132,
371,SE,45.98373999,-112.542996,
371,SW,45.98373999,-112.543132,
371,NE,45.98386001,-112.542996,
371,NW,45.98386001,-112.543132,
372,SE,45.98387699,-112.542996,
372,SW,45.98387699,-112.543132,
372,NE,45.98399701,-112.542996,
372,NW,45.98399701,-112.543132,
373,SE,45.98401899,-112.542996,
373,SW,45.98401899,-112.543132,
373,NE,45.98413901,-112.542996,
373,NW,45.98413901,-112.543132,
374,SE,45.98415199,-112.542996,
374,SW,45.98415199,-112.543132,
374,NE,45.98427201,-112.542996,
374,NW,45.98427201,-112.543132,
375,SE,45.98431899,-112.542996,
375,SW,45.98431899,-112.543132,
375,NE,45.98443901,-112.542996,
375,NW,45.98443901,-112.543132,
376,SE,45.98445399,-112.542996,
376,SW,45.98445399,-112.543132,
376,NE,45.98457401,-112.542996,
376,NW,45.98457401,-112.543132,
377,SE,45.98459399,-112.542996,
377,SW,45.98459399,-112.543132,
377,NE,45.98471401,-112.542996,
377,NW,45.98471401,-112.543132,
378,SE,45.98472999,-112.542996,
378,SW,45.98472999,-112.543132,
378,NE,45.98485001,-112.542996,
378,NW,45.98485001,-112.543132,
379,SE,45.98486399,-112.542996,
379,SW,45.98486399,-112.543132,
379,NE,45.98498401,-112.542996,
379,NW,45.98498401,-112.543132,
380,SE,45.98501099,-112.542996,
380,SW,45.98501099,-112.543132,
380,NE,45.98513101,-112.542996,
380,NW,45.98513101,-112.543132,
381,SE,45.98514799,-112.542996,
381,SW,45.98514799,-112.543132,
381,NE,45.98526801,-112.542996,
381,NW,45.98526801,-112.543132,
382,SE,45.98527999,-112.542996,
382,SW,45.98527999,-112.543132,
382,NE,45.98540001,-112.542996,
382,NW,45.98540001,-112.543132,
383,SE,45.98542199,-112.542996,
383,SW,45.98542199,-112.543132,
383,NE,45.98554201,-112.542996,
383,NW,45.98554201,-112.543132,
384,SE,45.98555099,-112.542996,
384,SW,45.98555099,-112.543132,
384,NE,45.98567101,-112.542996,
384,NW,45.98567101,-112.543132,
385,SE,45.98555099,-112.543153,
385,SW,45.98555099,-112.543289,
385,NE,45.98567101,-112.543153,
385,NW,45.98567101,-112.543289,
386,SE,45.98542199,-112.543153,
386,SW,45.98542199,-112.543289,
386,NE,45.98554201,-112.543153,
386,NW,45.98554201,-112.543289,
387,SE,45.98527999,-112.543153,
387,SW,45.98527999,-112.543289,
387,NE,45.98540001,-112.543153,
387,NW,45.98540001,-112.543289,
388,SE,45.98514799,-112.543153,
388,SW,45.98514799,-112.543289,
388,NE,45.98526801,-112.543153,
388,NW,45.98526801,-112.543289,
389,SE,45.98501099,-112.543153,
389,SW,45.98501099,-112.543289,
389,NE,45.98513101,-112.543153,
389,NW,45.98513101,-112.543289,
390,SE,45.98486399,-112.543153,
390,SW,45.98486399,-112.543289,
390,NE,45.98498401,-112.543153,
390,NW,45.98498401,-112.543289,
391,SE,45.98472999,-112.543153,
391,SW,45.98472999,-112.543289,
391,NE,45.98485001,-112.543153,
391,NW,45.98485001,-112.543289,
392,SE,45.98459399,-112.543153,
392,SW,45.98459399,-112.543289,
392,NE,45.98471401,-112.543153,
392,NW,45.98471401,-112.543289,
393,SE,45.98445399,-112.543153,
393,SW,45.98445399,-112.543289,
393,NE,45.98457401,-112.543153,
393,NW,45.98457401,-112.543289,
394,SE,45.98431899,-112.543153,
394,SW,45.98431899,-112.543289,
394,NE,45.98443901,-112.543153,
394,NW,45.98443901,-112.543289,
395,SE,45.98415199,-112.543153,
395,SW,45.98415199,-112.543289,
395,NE,45.98427201,-112.543153,
395,NW,45.984267,-112.54324,
396,SE,45.98401899,-112.543153,
396,SW,45.98401899,-112.543289,
396,NE,45.98413901,-112.543153,
396,NW,45.98413901,-112.543289,
397,SE,45.98387699,-112.543153,
397,SW,45.98387699,-112.543289,
397,NE,45.98399701,-112.543153,
397,NW,45.98399701,-112.543289,
398,SE,45.98373999,-112.543153,
398,SW,45.98373999,-112.543289,
398,NE,45.98386001,-112.543153,
398,NW,45.98386001,-112.543289,
399,SE,45.98360399,-112.543153,
399,SW,45.98360399,-112.543289,
399,NE,45.98372401,-112.543153,
399,NW,45.98372401,-112.543289,
400,SE,45.98346599,-112.543153,
400,SW,45.98346599,-112.543289,
400,NE,45.98358601,-112.543153,
400,NW,45.98358601,-112.543289,
401,SE,45.98569699,-112.543153,
401,SW,45.98569699,-112.543289,
401,NE,45.98581701,-112.543153,
401,NW,45.98581701,-112.543289,
402,SE,45.98569699,-112.542996,
402,SW,45.98569699,-112.543132,
402,NE,45.98581701,-112.542996,
402,NW,45.98581701,-112.543132,
403,SE,45.98569699,-112.542835,
403,SW,45.98569699,-112.542971,
403,NE,45.98581701,-112.542835,
403,NW,45.98581701,-112.542971,
404,SE,45.98569699,-112.542676,
404,SW,45.98569699,-112.542812,
404,NE,45.985749,-112.542676,
404,NW,45.985748,-112.542812,
405,SE,45.98569699,-112.542525,
405,SW,45.98569699,-112.542661,
405,NE,45.985752,-112.542525,
405,NW,45.985752,-112.542661,
406,SE,45.98569699,-112.542315,
406,SW,45.98569699,-112.542451,
406,NE,45.98581701,-112.542315,
406,NW,45.98581701,-112.542451,
407,SE,45.98569699,-112.542157,
407,SW,45.98569699,-112.542293,
407,NE,45.98581701,-112.542157,
407,NW,45.98581701,-112.542293,
408,SE,45.98569699,-112.542009,
408,SW,45.98569699,-112.542145,
408,NE,45.98581701,-112.542009,
408,NW,45.98581701,-112.542145,
409,SE,45.98569699,-112.541837,
409,SW,45.98569699,-112.541973,
409,NE,45.98581701,-112.541837,
409,NW,45.98581701,-112.541973,
410,SE,45.98569699,-112.541693,
410,SW,45.98569699,-112.541829,
410,NE,45.98581701,-112.541693,
410,NW,45.98581701,-112.541829,
411,SE,45.98569699,-112.541496,
411,SW,45.98569699,-112.541632,
411,NE,45.98581701,-112.541496,
411,NW,45.98581701,-112.541632,
412,SE,45.98569699,-112.541335,
412,SW,45.98569699,-112.541471,
412,NE,45.98581701,-112.541335,
412,NW,45.98581701,-112.541471,
413,SE,45.98569699,-112.541183,
413,SW,45.98569699,-112.541319,
413,NE,45.98581701,-112.541183,
413,NW,45.98581701,-112.541319,
414,SE,45.98569699,-112.541026,
414,SW,45.98569699,-112.541162,
414,NE,45.98581701,-112.541026,
414,NW,45.98581701,-112.541162,
415,SE,45.98569699,-112.540858,
415,SW,45.98569699,-112.540994,
415,NE,45.98581701,-112.540858,
415,NW,45.98581701,-112.540994,
416,SE,45.98569699,-112.540655,
416,SW,45.98569699,-112.540791,
416,NE,45.98581701,-112.540655,
416,NW,45.98581701,-112.540791,
417,SE,45.98569699,-112.540506,
417,SW,45.98569699,-112.540642,
417,NE,45.98581701,-112.540506,
417,NW,45.98581701,-112.540642,
418,SE,45.98569699,-112.540355,
418,SW,45.98569699,-112.540491,
418,NE,45.98581701,-112.540355,
418,NW,45.98581701,-112.540491,
419,SE,45.98569699,-112.540189,
419,SW,45.98569699,-112.540325,
419,NE,45.98581701,-112.540189,
419,NW,45.98581701,-112.540325,
420,SE,45.98569699,-112.540034,
420,SW,45.98569699,-112.54017,
420,NE,45.98581701,-112.540034,
420,NW,45.98581701,-112.54017,
421,SE,45.98569699,-112.53984,
421,SW,45.98569699,-112.539976,
421,NE,45.98581701,-112.53984,
421,NW,45.98581701,-112.539976,
422,SE,45.98569699,-112.539682,
422,SW,45.98569699,-112.539818,
422,NE,45.98581701,-112.539682,
422,NW,45.98581701,-112.539818,
423,SE,45.98569699,-112.539524,
423,SW,45.98569699,-112.53966,
423,NE,45.98581701,-112.539524,
423,NW,45.98581701,-112.53966,
424,SE,45.98569699,-112.539368,
424,SW,45.98569699,-112.539504,
424,NE,45.98581701,-112.539368,
424,NW,45.98581701,-112.539504,
425,SE,45.98569699,-112.539208,
425,SW,45.98569699,-112.539344,
425,NE,45.98581701,-112.539208,
425,NW,45.98581701,-112.539344,
426,SE,45.98329999,-112.543153,
426,SW,45.98329999,-112.543289,
426,NE,45.98342001,-112.543153,
426,NW,45.98342001,-112.543289,
427,SE,45.98329999,-112.542996,
427,SW,45.98329999,-112.543132,
427,NE,45.98342001,-112.542996,
427,NW,45.98342001,-112.543132,
428,SE,45.98329999,-112.542835,
428,SW,45.98329999,-112.542971,
428,NE,45.98342001,-112.542835,
428,NW,45.98342001,-112.542971,
429,SE,45.98329999,-112.542676,
429,SW,45.98329999,-112.542812,
429,NE,45.98342001,-112.542676,
429,NW,45.98342001,-112.542812,
430,SE,45.98329999,-112.542525,
430,SW,45.98329999,-112.542661,
430,NE,45.98342001,-112.542525,
430,NW,45.98342001,-112.542661,
431,SE,45.98329999,-112.542315,
431,SW,45.98329999,-112.542451,
431,NE,45.98342001,-112.542315,
431,NW,45.98342001,-112.542451,
432,SE,45.98329999,-112.542157,
432,SW,45.98329999,-112.542293,
432,NE,45.98342001,-112.542157,
432,NW,45.98342001,-112.542293,
433,SE,45.98329999,-112.542009,
433,SW,45.98329999,-112.542145,
433,NE,45.98342001,-112.542009,
433,NW,45.98342001,-112.542145,
434,SE,45.98329999,-112.541837,
434,SW,45.98329999,-112.541973,
434,NE,45.98342001,-112.541837,
434,NW,45.98342001,-112.541973,
435,SE,45.98329999,-112.541693,
435,SW,45.98329999,-112.541829,
435,NE,45.98342001,-112.541693,
435,NW,45.98342001,-112.541829,
436,SE,45.98329999,-112.541496,
436,SW,45.98329999,-112.541632,
436,NE,45.98342001,-112.541496,
436,NW,45.98342001,-112.541632,
437,SE,45.98329999,-112.541335,
437,SW,45.98329999,-112.541471,
437,NE,45.98342001,-112.541335,
437,NW,45.98342001,-112.541471,
438,SE,45.98329999,-112.541183,
438,SW,45.98329999,-112.541319,
438,NE,45.98342001,-112.541183,
438,NW,45.98342001,-112.541319,
439,SE,45.98329999,-112.541026,
439,SW,45.98329999,-112.541162,
439,NE,45.98342001,-112.541026,
439,NW,45.98342001,-112.541162,
440,SE,45.98329999,-112.540858,
440,SW,45.98329999,-112.540994,
440,NE,45.98342001,-112.540858,
440,NW,45.98342001,-112.540994,
441,SE,45.98332299,-112.540655,
441,SW,45.98332299,-112.540791,
441,NE,45.98344301,-112.540655,
441,NW,45.98344301,-112.540791,
442,SE,45.98332299,-112.540506,
442,SW,45.98332299,-112.540642,
442,NE,45.98344301,-112.540506,
442,NW,45.98344301,-112.540642,
443,SE,45.98332299,-112.540355,
443,SW,45.98332299,-112.540491,
443,NE,45.98344301,-112.540355,
443,NW,45.98344301,-112.540491,
444,SE,45.98332299,-112.540189,
444,SW,45.98332299,-112.540325,
444,NE,45.98344301,-112.540189,
444,NW,45.98344301,-112.540325,
445,SE,45.98332299,-112.540034,
445,SW,45.98332299,-112.54017,
445,NE,45.98344301,-112.540034,
445,NW,45.98344301,-112.54017,
446,SE,45.98329999,-112.53984,
446,SW,45.98329999,-112.539976,
446,NE,45.98342001,-112.53984,
446,NW,45.98342001,-112.539976,
447,SE,45.98329999,-112.539682,
447,SW,45.98329999,-112.539818,
447,NE,45.98342001,-112.539682,
447,NW,45.98342001,-112.539818,
448,SE,45.98329999,-112.539524,
448,SW,45.98329999,-112.53966,
448,NE,45.98342001,-112.539524,
448,NW,45.98342001,-112.53966,
449,SE,45.98329999,-112.539368,
449,SW,45.98329999,-112.539504,
449,NE,45.98342001,-112.539368,
449,NW,45.98342001,-112.539504,
450,SE,45.98329999,-112.539208,
450,SW,45.98329999,-112.539344,
450,NE,45.98342001,-112.539208,
450,NW,45.98342001,-112.539344,
451,SE,45.98316599,-112.539208,
451,SW,45.98316599,-112.539344,
451,NE,45.98328601,-112.539208,
451,NW,45.98328601,-112.539344,
452,SE,45.98316599,-112.539368,
452,SW,45.98316599,-112.539504,
452,NE,45.98328601,-112.539368,
452,NW,45.98328601,-112.539504,
453,SE,45.98316599,-112.539524,
453,SW,45.98316599,-112.53966,
453,NE,45.98328601,-112.539524,
453,NW,45.98328601,-112.53966,
454,SE,45.98316599,-112.539682,
454,SW,45.98316599,-112.539818,
454,NE,45.98328601,-112.539682,
454,NW,45.98328601,-112.539818,
455,SE,45.98316599,-112.53984,
455,SW,45.98316599,-112.539976,
455,NE,45.98328601,-112.53984,
455,NW,45.98328601,-112.539976,
456,SE,45.98318599,-112.540034,
456,SW,45.98318599,-112.54017,
456,NE,45.98330601,-112.540034,
456,NW,45.98330601,-112.54017,
457,SE,45.98318599,-112.540189,
457,SW,45.98318599,-112.540325,
457,NE,45.98330601,-112.540189,
457,NW,45.98330601,-112.540325,
458,SE,45.98318599,-112.540355,
458,SW,45.98318599,-112.540491,
458,NE,45.98330601,-112.540355,
458,NW,45.98330601,-112.540491,
459,SE,45.98318599,-112.540506,
459,SW,45.98318599,-112.540642,
459,NE,45.98330601,-112.540506,
459,NW,45.98330601,-112.540642,
460,SE,45.98318599,-112.540655,
460,SW,45.98318599,-112.540791,
460,NE,45.98330601,-112.540655,
460,NW,45.98330601,-112.540791,
461,SE,45.98316599,-112.540858,
461,SW,45.98316599,-112.540994,
461,NE,45.98328601,-112.540858,
461,NW,45.98328601,-112.540994,
462,SE,45.98316599,-112.541026,
462,SW,45.98316599,-112.541162,
462,NE,45.98328601,-112.541026,
462,NW,45.98328601,-112.541162,
463,SE,45.98316599,-112.541183,
463,SW,45.98316599,-112.541319,
463,NE,45.98328601,-112.541183,
463,NW,45.98328601,-112.541319,
464,SE,45.98316599,-112.541335,
464,SW,45.98316599,-112.541471,
464,NE,45.98328601,-112.541335,
464,NW,45.98328601,-112.541471,
465,SE,45.98316599,-112.541496,
465,SW,45.98316599,-112.541632,
465,NE,45.98328601,-112.541496,
465,NW,45.98328601,-112.541632,
466,SE,45.98316599,-112.541693,
466,SW,45.98316599,-112.541829,
466,NE,45.98328601,-112.541693,
466,NW,45.98328601,-112.541829,
467,SE,45.98316599,-112.541837,
467,SW,45.98316599,-112.541973,
467,NE,45.98328601,-112.541837,
467,NW,45.98328601,-112.541973,
468,SE,45.98316599,-112.542009,
468,SW,45.98316599,-112.542145,
468,NE,45.98328601,-112.542009,
468,NW,45.98328601,-112.542145,
469,SE,45.98316599,-112.542157,
469,SW,45.98316599,-112.542293,
469,NE,45.98328601,-112.542157,
469,NW,45.98328601,-112.542293,
470,SE,45.98316599,-112.542315,
470,SW,45.98316599,-112.542451,
470,NE,45.98328601,-112.542315,
470,NW,45.98328601,-112.542451,
471,SE,45.98316599,-112.542525,
471,SW,45.98316599,-112.542661,
471,NE,45.98328601,-112.542525,
471,NW,45.98328601,-112.542661,
472,SE,45.98316599,-112.542676,
472,SW,45.98316599,-112.542812,
472,NE,45.98328601,-112.542676,
472,NW,45.98328601,-112.542812,
473,SE,45.98316599,-112.542835,
473,SW,45.98316599,-112.542971,
473,NE,45.98328601,-112.542835,
473,NW,45.98328601,-112.542971,
474,SE,45.98316599,-112.542996,
474,SW,45.98316599,-112.543132,
474,NE,45.98328601,-112.542996,
474,NW,45.98328601,-112.543132,
475,SE,45.98316599,-112.543153,
475,SW,45.98316599,-112.543289,
475,NE,45.98328601,-112.543153,
475,NW,45.98328601,-112.543289,
476,SE,45.98302599,-112.543153,
476,SW,45.98302599,-112.543289,
476,NE,45.98314601,-112.543153,
476,NW,45.98314601,-112.543289,
477,SE,45.98302599,-112.542996,
477,SW,45.98302599,-112.543132,
477,NE,45.98314601,-112.542996,
477,NW,45.98314601,-112.543132,
478,SE,45.98302599,-112.542835,
478,SW,45.98302599,-112.542971,
478,NE,45.98314601,-112.542835,
478,NW,45.98314601,-112.542971,
479,SE,45.98302599,-112.542676,
479,SW,45.98302599,-112.542812,
479,NE,45.98314601,-112.542676,
479,NW,45.98314601,-112.542812,
480,SE,45.98302599,-112.542525,
480,SW,45.98302599,-112.542661,
480,NE,45.98314601,-112.542525,
480,NW,45.98314601,-112.542661,
481,SE,45.98302599,-112.542315,
481,SW,45.98302599,-112.542451,
481,NE,45.98314601,-112.542315,
481,NW,45.98314601,-112.542451,
482,SE,45.98302599,-112.542157,
482,SW,45.98302599,-112.542293,
482,NE,45.98314601,-112.542157,
482,NW,45.98314601,-112.542293,
483,SE,45.98302599,-112.542009,
483,SW,45.98302599,-112.542145,
483,NE,45.98314601,-112.542009,
483,NW,45.98314601,-112.542145,
484,SE,45.98302599,-112.541837,
484,SW,45.98302599,-112.541973,
484,NE,45.98314601,-112.541837,
484,NW,45.98314601,-112.541973,
485,SE,45.98302599,-112.541693,
485,SW,45.98302599,-112.541829,
485,NE,45.98314601,-112.541693,
485,NW,45.98314601,-112.541829,
486,SE,45.98302599,-112.541496,
486,SW,45.98302599,-112.541632,
486,NE,45.98314601,-112.541496,
486,NW,45.98314601,-112.541632,
487,SE,45.98302599,-112.541335,
487,SW,45.98302599,-112.541471,
487,NE,45.98314601,-112.541335,
487,NW,45.98314601,-112.541471,
488,SE,45.98302599,-112.541183,
488,SW,45.98302599,-112.541319,
488,NE,45.98314601,-112.541183,
488,NW,45.98314601,-112.541319,
489,SE,45.98302599,-112.541026,
489,SW,45.98302599,-112.541162,
489,NE,45.98314601,-112.541026,
489,NW,45.98314601,-112.541162,
490,SE,45.98302599,-112.540858,
490,SW,45.98302599,-112.540994,
490,NE,45.98314601,-112.540858,
490,NW,45.98314601,-112.540994,
491,SE,45.98304999,-112.540655,
491,SW,45.98304999,-112.540791,
491,NE,45.98317001,-112.540655,
491,NW,45.98317001,-112.540791,
492,SE,45.98304999,-112.540506,
492,SW,45.98304999,-112.540642,
492,NE,45.98317001,-112.540506,
492,NW,45.98317001,-112.540642,
493,SE,45.983094,-112.540353,
493,SW,45.983096,-112.540491,
493,NE,45.98317001,-112.540355,
493,NW,45.98317001,-112.540491,
494,SE,45.983098,-112.540189,"out of place, corrected it"
494,SW, 45.983097°,-112.540324°,"out of place, corrected it"
494,NE,45.98317001,-112.540189,
494,NW,45.98317001,-112.540325,
495,SE,45.98304999,-112.540034,
495,SW,45.98304999,-112.54017,
495,NE,45.98317001,-112.540034,
495,NW,45.98317001,-112.54017,
496,SE,45.98302599,-112.53984,
496,SW,45.98302599,-112.539976,
496,NE,45.98314601,-112.53984,
496,NW,45.983147,-112.539971,"out of place, corrected it"
497,SE,45.98302599,-112.539682,
497,SW,45.98302599,-112.539818,
497,NE,45.98314601,-112.539682,
497,NW,45.98314601,-112.539818,
498,SE,45.983049,-112.539524,
498,SW,45.98302599,-112.53966,
498,NE,45.98314601,-112.539524,
498,NW,45.98314601,-112.53966,
499,SE,45.983066,-112.539368,
499,SW,45.983052,-112.539502,
499,NE,45.98314601,-112.539368,
499,NW,45.98314601,-112.539504,
500,SE,45.983096,-112.539208,
500,SW,45.983072,-112.539344,
500,NE,45.98314601,-112.539208,
500,NW,45.98314601,-112.539344,
501,SE,45.98297199,-112.540189,
501,SW,45.98297199,-112.540325,
501,NE,45.98309201,-112.540189,
501,NW,45.983084,-112.540326,
502,SE,45.98296399,-112.540355,
502,SW,45.982927,-112.540484,
502,NE,45.98308401,-112.540355,
502,NW,45.98308401,-112.540491,
503,SE,45.982918,-112.540506,
503,SW,45.982913,-112.540642,
503,NE,45.983036,-112.540512,
503,NW,45.983026,-112.540643,
504,SE,45.982915,-112.540655,
504,SW,45.982915,-112.540791,
504,NE,45.98300801,-112.540655,
504,NW,45.98300801,-112.540791,
505,SE,45.98288799,-112.540858,
505,SW,45.98288799,-112.540994,
505,NE,45.98300801,-112.540858,
505,NW,45.98300801,-112.540994,
506,SE,45.98288799,-112.541026,
506,SW,45.98288799,-112.541162,
506,NE,45.98300801,-112.541026,
506,NW,45.98300801,-112.541162,
507,SE,45.98288799,-112.541183,
507,SW,45.98288799,-112.541319,
507,NE,45.98300801,-112.541183,
507,NW,45.98300801,-112.541319,
508,SE,45.98288799,-112.541335,
508,SW,45.98288799,-112.541471,
508,NE,45.98300801,-112.541335,
508,NW,45.98300801,-112.541471,
509,SE,45.98288799,-112.541496,
509,SW,45.98288799,-112.541632,
509,NE,45.98300801,-112.541496,
509,NW,45.98300801,-112.541632,
510,SE,45.98288799,-112.541693,
510,SW,45.98288799,-112.541829,
510,NE,45.98300801,-112.541693,
510,NW,45.98300801,-112.541829,
511,SE,45.98288799,-112.541837,
511,SW,45.98288799,-112.541973,
511,NE,45.98300801,-112.541837,
511,NW,45.98300801,-112.541973,
512,SE,45.98288799,-112.542009,
512,SW,45.98288799,-112.542145,
512,NE,45.98300801,-112.542009,
512,NW,45.98300801,-112.542145,
513,SE,45.98288799,-112.542157,
513,SW,45.98288799,-112.542293,
513,NE,45.98300801,-112.542157,
513,NW,45.98300801,-112.542293,
514,SE,45.98288799,-112.542315,
514,SW,45.98288799,-112.542451,
514,NE,45.98300801,-112.542315,
514,NW,45.98300801,-112.542451,
515,SE,45.98288799,-112.542525,
515,SW,45.98288799,-112.542661,
515,NE,45.98300801,-112.542525,
515,NW,45.98300801,-112.542661,
516,SE,45.98288799,-112.542676,
516,SW,45.98288799,-112.542812,
516,NE,45.98300801,-112.542676,
516,NW,45.98300801,-112.542812,
517,SE,45.98288799,-112.542835,
517,SW,45.98288799,-112.542971,
517,NE,45.98300801,-112.542835,
517,NW,45.98300801,-112.542971,
518,SE,45.98288799,-112.542996,
518,SW,45.98288799,-112.543132,
518,NE,45.98300801,-112.542996,
518,NW,45.98300801,-112.543132,
519,SE,45.98288799,-112.543153,
519,SW,45.98288799,-112.543289,
519,NE,45.98300801,-112.543153,
519,NW,45.98300801,-112.543289,
520,SE,45.98275299,-112.543153,
520,SW,45.98275299,-112.543289,
520,NE,45.98287301,-112.543153,
520,NW,45.98287301,-112.543289,
521,SE,45.98275299,-112.542996,
521,SW,45.98275299,-112.543132,
521,NE,45.98287301,-112.542996,
521,NW,45.98287301,-112.543132,
522,SE,45.98275299,-112.542835,
522,SW,45.98275299,-112.542971,
522,NE,45.98287301,-112.542835,
522,NW,45.98287301,-112.542971,
523,SE,45.98275299,-112.542676,
523,SW,45.98275299,-112.542812,
523,NE,45.98287301,-112.542676,
523,NW,45.98287301,-112.542812,
524,SE,45.98275299,-112.542525,
524,SW,45.98275299,-112.542661,
524,NE,45.98287301,-112.542525,
524,NW,45.98287301,-112.542661,
525,SE,45.98275299,-112.542315,
525,SW,45.98275299,-112.542451,
525,NE,45.98287301,-112.542315,
525,NW,45.98287301,-112.542451,
526,SE,45.98275299,-112.542157,
526,SW,45.98275299,-112.542293,
526,NE,45.98287301,-112.542157,
526,NW,45.98287301,-112.542293,
527,SE,45.98275299,-112.542009,
527,SW,45.98275299,-112.542145,
527,NE,45.98287301,-112.542009,
527,NW,45.98287301,-112.542145,
528,SE,45.98275299,-112.541837,
528,SW,45.98275299,-112.541973,
528,NE,45.98287301,-112.541837,
528,NW,45.98287301,-112.541973,
529,SE,45.98275299,-112.541693,
529,SW,45.98275299,-112.541829,
529,NE,45.98287301,-112.541693,
529,NW,45.98287301,-112.541829,
530,SE,45.982776,-112.541492,
530,SW,45.982786,-112.541636,
530,NE,45.98287001,-112.541496,
530,NW,45.98287001,-112.541632,
531,SE,45.982787,-112.541335,
531,SW,45.98275299,-112.541471,
531,NE,45.98287301,-112.541335,
531,NW,45.98287301,-112.541471,
532,SE,45.98282399,-112.54117,
532,SW,45.982791,-112.541304,
532,NE,45.982867,-112.54117,
532,NW,45.982871,-112.541306,
533,SE,45.982721,-112.541493,Adjusted
533,SW,45.982708,-112.541625,Adjusted
533,NE,45.982763,-112.541494,Adjusted
533,NW,45.982767,-112.541626,Adjusted
534,SE,45.982646,-112.541693,
534,SW,45.982617,-112.541829,
534,NE,45.98271801,-112.541693,
534,NW,45.98271801,-112.541829,
535,SE,45.982616,-112.54184,
535,SW,45.98259799,-112.541973,
535,NE,45.98271801,-112.541837,
535,NW,45.98271801,-112.541973,
536,SE,45.98259799,-112.542009,
536,SW,45.98259799,-112.542145,
536,NE,45.98271801,-112.542009,
536,NW,45.98271801,-112.542145,
537,SE,45.98259799,-112.542157,
537,SW,45.98259799,-112.542293,
537,NE,45.98271801,-112.542157,
537,NW,45.98271801,-112.542293,
538,SE,45.98259799,-112.542315,
538,SW,45.98259799,-112.542451,
538,NE,45.98271801,-112.542315,
538,NW,45.98271801,-112.542451,
539,SE,45.98259799,-112.542525,
539,SW,45.98259799,-112.542661,
539,NE,45.98271801,-112.542525,
539,NW,45.98271801,-112.542661,
540,SE,45.98259799,-112.542676,
540,SW,45.98259799,-112.542812,
540,NE,45.98271801,-112.542676,
540,NW,45.98271801,-112.542812,
541,SE,45.98259799,-112.542835,
541,SW,45.98259799,-112.542971,
541,NE,45.98271801,-112.542835,
541,NW,45.98271801,-112.542971,
542,SE,45.98259799,-112.542996,
542,SW,45.98259799,-112.543132,
542,NE,45.98271801,-112.542996,
542,NW,45.98271801,-112.543132,
543,SE,45.98259799,-112.543153,
543,SW,45.98259799,-112.543289,
543,NE,45.98271801,-112.543153,
543,NW,45.98271801,-112.543289,
544,SE,45.982462,-112.543154,
544,SW,45.982461,-112.54329,
544,NE,45.98257201,-112.543153,
544,NW,45.98257201,-112.543289,
545,SE,45.982464,-112.542996,
545,SW,45.982464,-112.54313,
545,NE,45.98257201,-112.542996,
545,NW,45.98257201,-112.543132,
546,SE,45.982462,-112.542835,
546,SW,45.982462,-112.54297,
546,NE,45.98257201,-112.542835,
546,NW,45.98257201,-112.542971,
547,SE,45.982463,-112.542674,
547,SW,45.982462,-112.542811,
547,NE,45.98257201,-112.542676,
547,NW,45.98257201,-112.542812,
548,SE,45.982465,-112.542524,
548,SW,45.982463,-112.542661,
548,NE,45.98257201,-112.542525,
548,NW,45.98257201,-112.542661,
549,SE,45.982463,-112.542315,
549,SW,45.98245199,-112.542451,
549,NE,45.98257201,-112.542315,
549,NW,45.98257201,-112.542451,
550,SE,45.982498,-112.54216,
550,SW,45.98245199,-112.542293,
550,NE,45.98257201,-112.542157,
550,NW,45.98257201,-112.542293,
551,SE,45.982542,-112.542009,
551,SW,45.982501,-112.542145,
551,NE,45.98257201,-112.542009,
551,NW,45.98257201,-112.542145,
552,SE,45.982419,-112.542315,
552,SW,45.982406,-112.542431,
552,NE,45.982456,-112.542317,
552,NW,45.982452,-112.54245,
553,SE,45.982427,-112.542512,
553,SW,45.98234199,-112.542661,
553,NE,45.98246201,-112.542525,
553,NW,45.982453,-112.54266,
554,SE,45.982398,-112.542667,
554,SW,45.98234199,-112.542812,
554,NE,45.982452,-112.542676,
554,NW,45.98246201,-112.542812,
555,SE,45.98235,-112.542845,
555,SW,45.98234199,-112.542971,
555,NE,45.982448,-112.542835,
555,NW,45.982451,-112.542971,
556,SE,45.98234199,-112.542996,
556,SW,45.98234199,-112.543132,
556,NE,45.982451,-112.542996,
556,NW,45.982452,-112.543132,
557,SE,45.98234199,-112.543153,
557,SW,45.98234199,-112.543289,
557,NE,45.982451,-112.543152,
557,NW,45.982451,-112.543291,
558,SE,45.98226399,-112.543153,
558,SW,45.982279,-112.543269,
558,NE,45.982327,-112.543153,
558,NW,45.982327,-112.543289,
559,SE,45.98226399,-112.542996,
559,SW,45.98226399,-112.543132,
559,NE,45.982327,-112.542996,
559,NW,45.982327,-112.543132,
560,SE,45.98226399,-112.542835,
560,SW,45.98226399,-112.542971,
560,NE,45.982327,-112.542835,
560,NW,45.982327,-112.542971,
561,SE,45.982333,-112.542658,
561,SW,45.98228499,-112.542797,
561,NE,45.982386,-112.542664,
561,NW,45.982405,-112.542804,
562,SE,45.982381,-112.542504,
562,SW,45.982334,-112.54264,
562,NE,45.982422,-112.542511,
562,NW,45.98239,-112.542655,
0,SE,45.98415499,-112.539689,
0,SW,45.98415499,-112.539825,
0,NE,45.98427501,-112.539689,
0,NW,45.984214,-112.539825,
Center,N,45.984398,-112.540048,
Center,E,45.984297,-112.540269,
Center,S,45.984202,-112.540048,
Center,W,45.984297,-112.539833,
